,q_flow_station_wait_time_avg,q_flow_station_queue_length_avg,q_flow_station_busy_avg,secretary_station_wait_time_avg,secretary_station_queue_length_avg,secretary_station_busy_avg,nurse_station_1_wait_time_avg,nurse_station_1_queue_length_avg,nurse_station_1_busy_avg,nurse_station_2_wait_time_avg,nurse_station_2_queue_length_avg,nurse_station_2_busy_avg,nurse_station_3_wait_time_avg,nurse_station_3_queue_length_avg,nurse_station_3_busy_avg,nurse_station_4_wait_time_avg,nurse_station_4_queue_length_avg,nurse_station_4_busy_avg,nurse_station_5_wait_time_avg,nurse_station_5_queue_length_avg,nurse_station_5_busy_avg,nurse_station_6_wait_time_avg,nurse_station_6_queue_length_avg,nurse_station_6_busy_avg,leukemia_doctor_1_wait_time_avg,leukemia_doctor_1_queue_length_avg,leukemia_doctor_1_busy_avg,leukemia_doctor_2_wait_time_avg,leukemia_doctor_2_queue_length_avg,leukemia_doctor_2_busy_avg,transplant_doctor_1_wait_time_avg,transplant_doctor_1_queue_length_avg,transplant_doctor_1_busy_avg,transplant_doctor_2_wait_time_avg,transplant_doctor_2_queue_length_avg,transplant_doctor_2_busy_avg,transplant_doctor_3_wait_time_avg,transplant_doctor_3_queue_length_avg,transplant_doctor_3_busy_avg,other_patients_total_processing_time_avg,leukemia_doctor_1_complex_patients_total_processing_time_avg,leukemia_doctor_1_regular_patients_total_processing_time_avg,leukemia_doctor_2_complex_patients_total_processing_time_avg,leukemia_doctor_2_regular_patients_total_processing_time_avg,transplant_doctor_1_complex_patients_total_processing_time_avg,transplant_doctor_1_regular_patients_total_processing_time_avg,transplant_doctor_2_complex_patients_total_processing_time_avg,transplant_doctor_2_regular_patients_total_processing_time_avg,transplant_doctor_3_complex_patients_total_processing_time_avg,transplant_doctor_3_regular_patients_total_processing_time_avg
0,0.22256319389880153,0.027473383883654657,0.10907348747879896,0.893669212017485,0.11031526325922184,0.42447191283943825,166.88968265050477,3.875435609898036,0.6802788524920023,10.655570999486715,0.15627712355044787,0.23361163680571792,9.469625829160847,0.0925891808614523,0.22535548995023802,169.04969319036428,4.132204613928944,0.6875022167222183,210.7075685933928,5.150478363488658,0.7506195130324821,0.0,0.0,0.13747552337277535,12.55786222608261,0.21487267250634823,0.4517485548924666,41.31958627218855,0.5050023511350114,0.3104031578276932,15.578982744149567,0.24752546458088653,0.2562443978819661,4.0130691920708825,0.08338021389305376,0.3873647254564811,6.9034128623652675,0.14343337069626774,0.5908699630905819,120.73991978170781,215.6864260805903,234.57972060872393,266.27036465006483,165.55709121868827,50.882542736362325,127.0068177504623,193.05352549264595,159.59716520355718,303.7359944877998,193.16738949029653
1,0.25658140737732793,0.039986936742323675,0.1431358618531655,1.1784867102822432,0.18366129493718403,0.5966938007843923,7.421698874956296,0.1374219650614083,0.25299675819114564,62.310906165388786,1.1537637560180818,0.4803806348983503,17.99321079152571,0.22211108502208546,0.31331260119536053,89.5701804831144,3.178797510588419,0.6714208585485304,140.66281344824927,4.775002017033104,0.837902615293006,24.23585779373328,0.4861533992869291,0.3183256210162574,56.3201774953401,1.2166443101712254,0.6837736656999078,0.0,0.0,0.24346407281808105,5.183314848085567,0.10397346586275084,0.40044266126719547,23.11480554518156,0.6063323563147592,0.5378637237286096,29.775707376611393,0.7810567464783635,0.5106523809275876,74.10647358122046,164.96805034449034,182.57968397274286,0.0,164.53659728561743,174.90065502043834,57.71699360659377,177.16748400205665,146.8096216490538,0.0,130.8802621736771
2,0.20956704224416867,0.03509807467653916,0.1578878880037856,1.1710213576121284,0.19612146364792435,0.5794478414858885,2.2505392776641617,0.06717350937377607,0.31094545870502105,26.618481370507094,0.44138971628397866,0.4448441413438262,6.378010190364918,0.05288032906904834,0.15684854941514254,92.27387573467894,3.825231355617446,0.7534558518518241,87.59396370229626,2.904979758130291,0.7715619060878056,17.903474711043422,0.2968768019936931,0.37529075293183517,12.271687822373547,0.28488610688145194,0.43207055378425174,15.0134804003383,0.24895469287300492,0.4241784732329236,11.889542062185757,0.2562992975401667,0.4739677530654636,17.08054603167689,0.48149258950309703,0.593964120297057,8.575853694976445,0.24174929742503815,0.3932128169522016,65.76550305696502,101.86522109820889,116.65969361673713,75.13713970239384,89.7882765743718,150.81504359081924,83.97221645597897,131.51065256773992,115.17080655400078,0.0,95.02639197494386
3,0.3547662881160901,0.05126442298245465,0.14351479916038043,1.8458834090508842,0.2667337653765871,0.573634604679595,128.51851080344954,3.125841563512379,0.6791483783285115,4.807375489333596,0.08941363538461418,0.25808491494879354,1.5299825900543051,0.026267581633606162,0.1668045572077214,59.89552044479817,1.8852518663700857,0.8895732105045547,116.80336670183888,3.6764646744475438,0.6534890680976873,10.3842333114272,0.0891411111418741,0.12617924184658222,28.71994315182084,0.5752597222455363,0.5962148760070172,25.574905094955444,0.36590335064402474,0.4883173257932695,28.101553855645058,0.5226681576599821,0.5917905473750809,5.390028262310615,0.13109686896858047,0.2725419725692255,19.509803847855835,0.474519626646379,0.5054182786639285,52.77499381447527,174.45094283347703,187.28129886366017,329.9217214415837,131.8754998231781,195.79570337908277,142.6858922726733,55.47975282303584,112.53074443708313,183.0173225190298,138.40718048924865
4,0.2229058605168163,0.028003945587775716,0.11130631059999936,7.378830956468601,0.927011879038294,0.6187183322973087,46.369975260462525,0.7498192416859089,0.4485482636437922,93.18222673553787,1.6226971917094106,0.42604081561235313,10.327734680625491,0.12846399890747925,0.32335183372183396,136.51601033545853,3.9056002340591647,0.694071092591643,136.44333250453508,4.07323929047345,0.6431033089544507,19.609477305942068,0.17074202275478567,0.22518631242611453,20.217433863520732,0.35207114385681415,0.4584704530480263,24.044029696355757,0.29907741631265206,0.39286103176464604,167.90741233083858,2.7151234797983967,0.8136031181231019,49.44942484201428,1.045650454242881,0.5616159008700592,20.60235358687443,0.43565441772912167,0.3687470540164445,110.70735346051141,161.55485186912557,138.9407559121192,176.26957069836496,167.42756521572193,279.9834624418837,351.94593481190145,217.78144690154014,215.1585259906142,0.0,168.5539986797737
5,0.35137032639531746,0.04637475005358957,0.11033149566842604,1.2489979187426694,0.16484592450751914,0.597079190141964,8.34173562478459,0.1308075446451368,0.28727805766085884,18.024551725896654,0.3061984238892626,0.3000629158756273,0.7328066498726173,0.009576008607115745,0.14199070012836948,18.865680584686054,0.39444602679728097,0.37113274236556376,58.657122970624904,1.6096638049331018,0.6156915527915753,30.28218054215314,0.435286256914738,0.2730895427418796,43.27577205863562,0.7917133831948084,0.5625903976601067,6.7711107849875445,0.08848202342056538,0.24257167743380384,25.534584329523504,0.4337777491095197,0.36462311126846086,136.343177073146,3.0288478462655073,0.8592474746941422,9.19678665770363,0.20430554765351303,0.38123131844932195,44.39406378036015,166.95898546012012,105.89258884538712,54.38695673131062,43.057169638249576,126.17282779715433,90.3444632602139,237.0784126533278,206.82340798034775,0.0,81.16826614895908
6,0.29310723286492674,0.045116752278888894,0.1502795788860885,0.8487050326140468,0.1306375633928485,0.5749604539076447,117.0053034425584,3.9229985565621672,0.7140426065754598,25.797465970463577,0.3538420789047116,0.394688898926543,31.80733945720722,0.387799505608705,0.2385844815169876,174.65565225874312,4.7912084976446625,0.6897431461068417,28.74765003830214,0.8324264485325075,0.5283635735387596,11.784525560002836,0.25143750505331147,0.3589777318350683,26.652684204444295,0.5686681559828247,0.7693598181630452,12.38589602876597,0.1887632083680886,0.1569829011387528,11.233338690099961,0.2225574444493289,0.25184175163319533,15.983243724671224,0.41409860131271503,0.7181850947500057,47.54792005563336,1.2318855627518488,0.6018767442192139,76.03834289338191,223.44383225607052,129.1231185417746,80.27199692036194,84.34180103937882,0.0,122.02745637880054,103.2392361959607,156.77550180470567,447.9212248734918,168.8494151520784
7,0.31359735233491376,0.04117973026230688,0.11833544667173848,4.262803947659472,0.5597659400460775,0.5616881534820793,155.1874508864625,2.8247132790324043,0.7651561545421348,42.90507117295243,0.6136080497054157,0.39847197191976197,3.255018044672319,0.03385580338673436,0.21127763648687042,91.95590674543956,3.1084416224308944,0.6207076983043026,234.19405959521978,5.480726323527639,0.8840507334878952,34.34646442911067,0.4018965554508346,0.268737310935775,7.067315312867929,0.1286388770311875,0.3526848202715223,7.950789002910787,0.10337129685522817,0.20714828359850224,1.2341626565136825,0.020859576650019133,0.27462843343170334,45.54695230676259,1.0066951587132162,0.49713981559786724,12.842763673948227,0.2838553922990373,0.48045767558186253,115.40450554177872,274.271038667574,186.04967147650896,0.0,92.75625186842879,166.071163821109,116.34637871023682,161.55813405289794,194.40684522277175,241.0574087299061,195.07171072903472
8,0.2975182261533176,0.04342599543511457,0.1275015995625093,1.2047560709230993,0.17584714829999226,0.5632614442737922,117.61406763825731,2.5495607331158014,0.8569109496230224,1.8439735135496882,0.021318640113750585,0.25372222088554286,2.028037995351201,0.014654159835475388,0.13927478153427916,143.0254474778274,4.5472709090329815,0.7501033747009276,24.064088437346623,0.8694092493933407,0.4162763353144433,144.80808187376064,3.1390547644239986,0.7849302993622491,14.259431337605255,0.2884995064673776,0.47415317211576846,22.171775536043622,0.32041681988822984,0.34348448024825545,33.10973857951549,0.6220337321858747,0.5685038944668295,56.19255566575737,1.3805194775459189,0.6580783232080487,9.439146120102661,0.23189771164198,0.4986368627750576,73.85139509369806,87.43088403949614,159.2615896672482,138.47417149251325,106.569809553003,413.0296410772077,181.5260959661982,200.5184736034494,248.3663249829931,0.0,144.20645021402652
9,0.41202666358760204,0.046573400005490845,0.1064805997775432,0.5088470067583715,0.057517479526699826,0.4099609186780093,111.82671202712723,2.7533377244981727,0.6024552292476346,44.265019485046956,0.5944743961333575,0.26651905635393563,0.24934959650743593,0.0011162459848604092,0.03125535102918541,243.44608390384428,8.173636056381767,0.8851731262931346,93.6478531033031,1.3624871859228656,0.3716558445287262,22.35212370890884,0.20012439316242164,0.1924460411857718,82.91468273146276,1.2991243636832388,0.5465867892955115,27.949128893782518,0.31279480040285945,0.3161273424272968,1.525139613604464,0.022189330683184013,0.1510941942198977,8.19949860530476,0.15600103019220177,0.3824214634439352,12.70877975038317,0.24179316675081972,0.4662469690525643,128.88558031598416,257.4667182269466,255.7892991824343,141.61349501325145,157.88802498105147,0.0,111.61783267677082,231.22717334974055,152.25292868423142,164.83716848318295,268.84152741776427
10,0.36799174173748167,0.05587093881036104,0.15637070469382733,0.902707810433526,0.1370550670573091,0.5466274977690454,127.25103793676406,4.590913369259176,0.9047176887787404,4.996100043855885,0.06759275658195156,0.29077912666877365,3.873010369141909,0.02328815986005146,0.18745465287791674,102.34750246751047,3.692453319098867,0.7006555083820423,136.65680143688806,2.8759796568417935,0.8487171849411606,14.602645823805947,0.21951190283015573,0.2893794503545893,39.908638159238976,0.8398881744004408,0.5555235223914989,99.09511205463359,1.4896311853854622,0.6286089691296133,33.345850558594535,0.6516459109332214,0.5277149153150275,34.78882140690329,0.8890274276225417,0.6913855103122436,14.458610105900577,0.3694894057806565,0.49152436710186737,88.56052910476043,116.82370599334945,179.30980091279088,222.52849944496884,252.67154513980364,220.830012879682,174.21368500321097,193.71855420463908,146.1938171958623,73.78468078703855,172.92571545070047
11,0.12556377394321303,0.01725133796447738,0.13017271295767752,0.7949640406393624,0.1092209393202732,0.5273898573722771,191.0962538021506,4.939043185311833,0.8348140683209866,59.218631903017,1.047222034038619,0.4685839336519758,34.79868707656109,0.615379833864975,0.469465970920458,51.230939043578736,1.32410664953321,0.4469668798648292,142.64772853368964,4.268984623668794,0.8198297516312247,13.185861394572015,0.10762094615597996,0.2728040324796166,20.86402677992991,0.39734084988002394,0.4223735960155471,1.6365784785163555,0.022262497565378195,0.2937134353606469,0.7286798929841379,0.012885972120119434,0.36422122101934096,66.24636485723912,1.531962105518421,0.6877166456805162,38.456764020722765,0.8893213281599951,0.5753576262448777,117.4605590565727,249.67094434787907,174.4811410365105,195.6957389841238,109.7775170269417,334.47494303721373,134.66263015975844,332.30783275065795,222.86681920317247,0.0,140.05085844050768
12,0.24935762462836228,0.042342343750785244,0.15277943630674168,1.847933726433185,0.3137896632995263,0.8576771332482452,3.272487978976969,0.07152407992434401,0.2572323474193325,63.37871108445821,1.3852163938349487,0.659865494410996,7.337699844224481,0.09869173799933684,0.1823287420425024,97.11204032822909,3.2653816059941203,0.6521303735108452,108.43580444112654,3.4638348247409625,0.799900629684026,9.96344861649851,0.15075893556121717,0.3093782698804307,19.93761031808753,0.4692799579339677,0.47603437983755814,74.63557743124005,1.2548065145835325,0.5749665628005116,17.781057737465595,0.3886259637694501,0.3780970053980446,32.792195039609055,0.9372388389689409,0.6552743736047755,10.966097313954586,0.3134237370245206,0.4144782000431753,65.24397537558322,92.69491286920623,129.94295180794478,195.1240600773713,170.01725552046733,137.95824990435895,79.27817289334448,234.9853888781709,129.75023930194249,86.0518619504812,112.23977117615604
13,0.7151546371368981,0.114452733203798,0.1855906351353583,1.350455874047658,0.21612579689711392,0.6586604267347589,33.56570483386026,0.7446096194391197,0.45675256287563554,3.915600499604276,0.07445338659079671,0.3130440891224687,1.9754410077470936,0.021911239228904172,0.18718880480634306,108.15955043739744,4.455978195392603,0.780060170399239,81.61388349287202,2.5864189581671,0.9057141045531834,47.009696897366695,0.8938682935017362,0.5567187080506234,27.397180618950788,0.607769279249651,0.3685879170945556,18.337106816666992,0.2905598819636177,0.37367847607526256,20.77455458281179,0.4279370701230066,0.5513211932505969,19.13401537680348,0.5154183491664801,0.48816784753102793,6.1700891320837,0.16620542484375803,0.5290565220454556,70.41425017489256,109.9110049330266,132.29474475910027,84.57536377199746,110.58105035950906,243.84342371954227,128.42360919616684,199.50859987971748,120.28213959963527,110.67660008416829,115.71690225708988
14,0.3411395938918818,0.06111179678977613,0.1849258414983393,1.845452211299652,0.33059457929099434,0.6874864790547156,87.80844432414307,2.3361412233637284,0.6450137857454495,28.151613484341024,0.5492467897841853,0.5387036763330713,108.26858399082343,1.9203217807655069,0.6418595432057309,45.294496359103796,1.6067450907931549,0.8153213775716907,29.686666732766525,1.0530839256213085,0.5680019207644715,44.36441896033898,0.9442513077784335,0.6860878409529931,51.841803598563175,1.287299762395497,0.6692512808150146,13.923903937622242,0.24696338512166072,0.45678891769498925,2.4049956902601943,0.05545353109225892,0.334756982274016,4.736827854580698,0.1428262633675929,0.5724264893463434,18.932038103710255,0.5708445278776512,0.5141844011796105,83.32321414765896,127.00822459525489,109.02636632778697,0.0,92.85804455824507,91.57250767628432,117.56946874476012,126.41941344322724,97.49112958616492,173.88991379536856,124.56406923325969
15,0.4325635879785831,0.059264188136486935,0.14088083707393456,0.42292276387034217,0.05794332889262045,0.4410976741272323,16.340490700612257,0.37682093441696235,0.4427317752676738,65.3537740884717,1.0638316950378932,0.4580096678877456,5.5425092004394685,0.045110607915960714,0.16685804018946912,134.06869124080998,3.637293715206723,0.8613053900121025,110.65958862086536,3.302423293180224,0.8606781878801893,16.105835841911404,0.21847627117025029,0.40257265055048447,145.83102490864823,2.769484700948913,0.7699204169915989,27.828776554263538,0.3774984044593387,0.2744322806029443,0.039524028157818344,0.0006969884141250717,0.2541043358883731,37.67696230079473,0.8688520069746848,0.5658894240123077,22.18598668042439,0.511621369581426,0.43300966221221127,84.65040828994402,206.3553180419212,336.4257404232526,59.804075863100024,140.46194734757742,0.0,124.8488576789181,206.35766782657356,146.25132917587663,0.0,134.14450485995812
16,0.2953797941877034,0.03970746127362714,0.13770680351013043,1.8157278384484805,0.2440855611904993,0.5439022686414416,16.345362340270203,0.28281853503178744,0.25877414120150877,0.2731273921598216,0.0014541031426648472,0.03055488937822358,5.4459614137933166,0.05798751669693039,0.18435443832374138,172.3933425844444,5.50683033095091,0.9162178863619992,95.83180291067511,2.933644322148885,0.5618579933743717,33.67215250664356,0.6274351992876047,0.3816065783882994,35.044257493321474,0.6530025272328531,0.4235719144859531,89.62519922710456,1.1928891755192024,0.4658292357043331,37.47276697051199,0.6483792061358831,0.4144319944479927,56.650121416346266,1.2817984145161154,0.6277024586108426,15.581368629717886,0.35255305913255464,0.4234427347788702,74.99268376721089,138.94733828662,169.03961377826835,188.98267861594917,204.89259633042477,135.76024617094615,158.108010481107,114.71342186844305,218.67559858262848,128.0294182162705,133.0968165933069
17,0.5728413746869628,0.07819770600437981,0.13737019556818575,1.659569374003432,0.22654529462560227,0.5814556094081642,120.7949088091727,3.265253372961358,0.7933802764976166,11.991610030013717,0.09724493892270619,0.2595651785602223,0.0,0.0,0.04686870697837138,122.42589807345301,3.805742457587598,0.5639567593325359,81.04023788205595,2.51922410971978,0.7287982428906964,38.69927864342167,0.6276569999546631,0.4078327234996337,58.07681162614846,1.0989275528730376,0.6207493895795408,26.862519816070847,0.36306552279546933,0.30312906619607505,29.405007359957633,0.5166576991272728,0.4748948949966875,33.485337345897186,0.7693817150294207,0.3963764413727136,5.535454314083175,0.12718633501114007,0.277152173414254,76.22503597407247,331.3403638053408,159.19802473111898,131.7704665351691,134.02288876091225,293.47502746503494,174.3443652794501,218.9658537028888,163.82844792563662,0.0,138.99429622429307
18,0.33568168117055547,0.045203153773180155,0.14035499129832155,1.5755170995577843,0.21216034629962488,0.49412979066688417,27.794282990210792,0.6299761632818418,0.40006681994968696,142.3998337193902,3.0377301075606673,0.8209950881889239,2.7221174442783496,0.025405317068200886,0.13280524139088976,102.6765792264922,3.6961950084469812,0.6425788345773701,148.75543622983525,4.164969844685801,0.6675317063753575,9.79711111695758,0.05224897148711854,0.232222977359215,35.0868766742612,0.6549263542732863,0.6933102899153762,9.797501966248907,0.1306276398135047,0.2978279580415036,59.6725129118506,1.0342782696394168,0.6433046105476738,10.410720667220517,0.23596600298142167,0.4215953066295788,5.823507890485913,0.13199373263134587,0.5462207643279601,94.07270357917601,181.9738076060516,229.08224254601427,41.63445601610047,113.65816800561464,0.0,221.1894756514369,154.5948585547108,181.59463760824065,67.6875552789445,158.3587049276073
19,0.30422794805070563,0.04170767390164578,0.13930878761126889,2.410496236333573,0.3304633634428248,0.552266173093013,9.581727195318287,0.23410559548119203,0.36589767906812903,49.46563810608589,1.0742839461104028,0.5137559182697341,0.0,0.0,0.15055618762969467,232.10259217088316,8.19122444429374,0.8396116699084006,79.35882242775075,2.262090609500378,0.5593384645935645,0.0,0.0,0.28894813653456713,4.234531904828144,0.08046906077571263,0.30250463428292385,2.3161273245182286,0.03143821773487146,0.15035180375305457,25.996811888971372,0.4587318888318776,0.4649033581042159,17.386559315922714,0.4011973494727829,0.44405990391409933,20.356755549853407,0.4697350535011888,0.46684417671641487,117.37602846563256,211.97225577481254,90.47309628528684,45.329397661372624,98.73772348327775,77.74782839501617,200.27469415960076,111.7800896604955,139.19404673749898,195.5888364423553,179.98430308305043
20,0.6290197612889273,0.07757667719609138,0.14576963685499988,1.6000986948555695,0.19733933267587903,0.5019743298764879,53.86320124640327,0.7892578639371401,0.3830014103172302,5.141545468892556,0.05650432624051649,0.17528981585913372,9.72059390391064,0.07121796517165975,0.1541582403435266,168.4810333458208,4.937507515906289,0.8107109809790014,25.37044824342115,0.7435067104953195,0.39425533219789666,25.905250427378046,0.2846923615373821,0.4284003923987982,189.10874945721508,3.2328471305157946,0.8312012821246902,84.20452976479348,1.0282079688005616,0.37950827324104813,6.05783689885699,0.09616265357275403,0.2927683380094771,50.35406605335388,1.045271182057791,0.6135277982633437,31.915473643184864,0.6625150156811243,0.638181668668932,74.33709374056805,259.33619386933066,373.5560710529219,130.3957411239082,163.73767194490244,0.0,113.73998737239398,266.66633746808816,159.56214688963078,436.37894780808665,133.87881120931735
21,0.46186033546188165,0.06591834162925676,0.12111890873750457,1.5697696009131028,0.22404307295349485,0.5774717619416119,152.1111235816187,4.084028909659804,0.7688860567460606,3.5807121039404706,0.03541943887963791,0.13581968138726644,48.64607942733801,0.6186778767924128,0.37734322860631175,61.605265877946714,2.611640070572062,0.7805902198883997,112.29291174316899,2.3802240260654055,0.6701274958133451,0.0,0.0,0.11819313043888192,18.01789671838969,0.3564563545079925,0.37019326130140573,39.55974345734683,0.5590204545146558,0.4698787407115916,21.66742611514536,0.39803834245144337,0.31019864202224673,20.460278449806417,0.4915126431602573,0.5551960162039058,4.236448125841313,0.10177123547227594,0.39736478598025476,78.83817024901879,201.19727859305374,151.7043649230477,108.17144447282234,215.18161905403963,0.0,113.89424924196967,54.08608719136669,158.63531321720654,0.0,99.58459681342957
22,0.8116493263709333,0.09907524641274174,0.1200463280969269,2.552441437523219,0.3115677622839976,0.4891162629223718,55.64955956118526,1.2778818071007512,0.461678466508507,15.998658236788891,0.251363530883296,0.32836592308918444,38.90733609878142,0.42320360730230533,0.29512861342782765,287.0627794357095,6.938765907852828,0.9062855958706761,130.0717030121047,2.5152326615408738,0.571434456193245,6.43798128580608,0.07780814557212633,0.1838944587159523,8.621979893692666,0.14588491821720856,0.2884664691000151,10.08576244882325,0.12189449424994218,0.18881527591645578,19.590449823539007,0.30779610179517,0.3156878981995151,19.32639961184014,0.3970774565759347,0.4720890203371804,16.64924217253154,0.34207296074616095,0.487654706848319,113.31998316635128,249.21536869511482,140.0900116417837,155.34144105336222,169.59646058142295,138.58268075114069,109.38872213453034,168.10248576334826,183.07438538828177,0.0,181.13557821109737
23,0.45874693263766153,0.05713814152237852,0.14532071527089216,1.7146296877303568,0.21356165411876532,0.5070701028191139,50.49309479342878,1.120820481096226,0.5831313765475583,125.8370972423383,1.7069977158121112,0.641362992217726,7.961787942992885,0.04909216370827601,0.14123891327698607,167.8597341184445,4.347077559308268,0.8884514598990814,117.87025669286227,3.0524958857488453,0.5862079819191932,120.1060729741946,1.7773697181663535,0.5179592968547808,35.000906522988,0.604280933723577,0.462256042144917,83.38052301901988,1.0282439862603754,0.46184502547132406,54.10748288872834,0.8674256222059088,0.4945510805002182,10.114005180608006,0.21203309677861037,0.5863023857293865,55.74213274582877,1.1685951130224697,0.6574411362507196,108.78916365867367,131.52124204372308,170.30641523272135,121.34508958756354,190.23108146587455,170.3880800616015,243.58883439059346,255.82729988563727,189.10397423190466,256.1719820883011,267.7153834473797
24,0.38891675385361324,0.05644323449180825,0.13167125595905146,1.5822053840393506,0.22962443407400382,0.6172932994053368,57.660930946189694,0.9942526634661243,0.4384575759019177,74.40611178102304,1.3899072804183779,0.4738129026888079,23.219055385766314,0.4003682785144341,0.4105611573907207,65.06477638993589,2.05684937727539,0.557793703547278,111.70032828306307,4.173127604427485,0.7036349295725309,2.071758070590439,0.01786175618343967,0.2194011674240813,122.85930676397051,2.4715532014497117,0.8495417602452412,7.669269214545767,0.11020158736997702,0.261464435492872,41.92249133432824,0.7831127648538176,0.5251806780561864,11.087126561841432,0.27083313297804423,0.4901552851928816,26.32226607034464,0.642992730997479,0.5193330935025465,75.95371773487912,231.41368646018276,273.5383946388341,37.783254660810854,147.97436394387364,136.4547884830032,157.40158007525312,124.03539168475089,155.35106513357672,133.68832749983093,127.38464854504971
25,0.6027469634921491,0.0874358553421665,0.15604919844859536,2.0000336147090185,0.29012945797684786,0.6345774493697743,167.07307750644097,3.5994064405891093,0.9295627703510281,1.6299831577921182,0.018728640867890212,0.20147524349579007,49.02401547369765,0.7041124745059126,0.3318226673942096,30.247628762072946,1.0426432447758698,0.5108148033742514,62.69765506632348,1.8910532178687047,0.5791971231031114,2.9202164099427743,0.046136100050001516,0.27524578371740366,9.67582885608218,0.19455812474948672,0.33907660887731056,3.864144895470196,0.05549917928813215,0.2661935513695284,57.43468094763755,1.0723849813986477,0.720555826637507,14.75064123181979,0.3601579282414857,0.5688874410868938,33.6046314622268,0.820504970363319,0.5566027824526297,87.4493479526043,118.9979198153772,100.56688403235795,61.693621317256415,103.10406934025403,0.0,159.55464141361477,169.7566198424633,70.58265138178594,139.16635150060742,132.92208646636837
26,0.438712877200074,0.059141512353292576,0.12305682915049584,1.6709135955163756,0.2252506415612903,0.5701245749564701,74.64949928843241,1.7934533073109236,0.5004130991395612,78.34921237775998,1.0457438161267059,0.5414033864868923,11.283768145341345,0.07530344213101316,0.16594784064098203,154.57821053370918,6.189566028851762,0.89318149507686,203.00105456620378,5.1480477336122785,0.7980000727027929,1.217347356454738,0.008124098707928396,0.1115973110757879,29.887983320283386,0.5584898928681393,0.5927631024436661,15.522899561465323,0.20718748449558333,0.2764813944619674,108.71949015803722,1.8864331931016918,0.610655077632398,35.3042513949557,0.8010628630461315,0.5652660802946065,26.54873791578176,0.6023979312620746,0.5736089684242714,128.51035661596524,258.5120741547194,124.6826843684203,196.44951573057028,160.3593887242067,341.1428704410406,257.2016021729948,207.7841449734804,248.07144962062583,172.18778379214916,189.42269159041157
27,0.30109339702782023,0.03640220181349727,0.12088744544712617,2.89546698675708,0.3500620559490756,0.5389046901832387,154.3579495673412,2.58679542593702,0.553661801371533,14.058131696950873,0.18510806472925942,0.324054740343389,13.663391470473993,0.13084391981727395,0.1852636631295853,141.8671331880629,4.924757364877753,0.7644756312842609,150.39387906102664,4.500649759842147,0.6144193215377385,0.0,0.0,0.08584592771254226,9.00517148152366,0.1509124503368793,0.5494530577164364,42.72946536933469,0.5114845344859921,0.30753180722778756,2.622083328369598,0.040803262495866154,0.270184920379146,80.33639010804075,1.6348062223712148,0.7581998489805543,4.1700083152773795,0.08485762842949607,0.40069447386140594,113.4304179991033,248.9528895548299,149.9151220053288,289.82986554402174,189.27100644731456,67.98149958466834,150.1347818857562,206.9773923271469,260.84998018242464,0.0,167.12495260824906
28,0.3745245879036296,0.04931392680113082,0.14072807568751838,1.0739610353601958,0.14140923612376294,0.450429750495246,60.300193733913225,1.8080665892254089,0.5884393092509258,55.26734664767806,0.8646049915708227,0.45096357765550904,1.5695664144569048,0.014323383323651025,0.12283273742919343,183.41725113231664,6.2170077099410666,0.85888598395637,56.46879368445625,1.2514840218096113,0.5548189526089755,0.0,0.0,0.08210635470009003,16.381411930583106,0.29898351583365174,0.6277354731226735,19.639462246649604,0.2560338988599603,0.3319665672621376,2.816614367518265,0.04773518611441712,0.2814693645473008,45.53143764364023,1.0090859567400563,0.6207127923105769,18.844770145116883,0.4176453434276273,0.3987763096816782,77.45059094486375,310.0114134018642,64.61840980103861,41.80161471139688,122.36430470396242,119.57252238710532,103.60934810797674,224.14597646759262,190.93302020838084,273.4332450692231,167.51857315241992
29,0.322378582769797,0.03560694964387234,0.11914999557259717,0.6308664881385173,0.06967966383547025,0.4173189227030717,136.70046253228057,2.840343073249068,0.5844004383502901,67.76520302955744,0.8892732011528006,0.49290701926845243,0.0,0.0,0.04202315887558416,336.9416721992524,9.948685587828281,0.8798501445452525,67.0819477569597,1.3938193194228812,0.46806676986291634,31.40161639380286,0.3777390675427755,0.3144140175737947,43.09933581915889,0.6598509223168217,0.4276615610628906,48.416744320794734,0.5294717554963279,0.3358047219422166,33.09253400856525,0.47045771080801535,0.41117526150995587,1.4986745946365176,0.02786143503536925,0.2520475838654973,8.668922778505348,0.1611614887476883,0.34866673438889817,164.59441225681658,143.1706919628507,163.5185764391755,210.86869500912474,186.8084751118697,273.90155386627885,293.839798449384,222.45386078621956,239.39852120281589,355.3002703443882,200.0907982767798
30,0.5648665568960123,0.08416776280992919,0.16174553292269397,1.0487558797552352,0.15626953845137512,0.6347651030591317,88.87902051497436,2.3602081839799594,0.7032377793887654,69.48805286059543,1.742760109755171,0.5414260260655438,16.870953638288135,0.17422730503993714,0.2799584852530148,26.74858587358842,0.6313924095716661,0.4710486005645389,99.80103615244127,2.650245478987765,0.6996484137333103,7.106227690837154,0.1362890668233118,0.2509010021638417,14.406100623774607,0.2975452534133199,0.6792599053232454,11.247647448311099,0.16593585680481598,0.33341440485528606,1.1849386182669701,0.02272572531481677,0.20911197276543608,60.753601991506514,1.5237001141354567,0.8106855925063432,78.58049723633967,1.9707985812029811,0.7424826258718744,66.90926578730631,160.24959664991744,183.96243963239945,147.6983329276785,108.21338960586594,88.72842117334504,82.41548385186664,225.27651117429616,159.0468911792683,194.9502144795249,161.9197972319862
31,0.370664977856562,0.04932550184896156,0.11688356205994598,1.18799911221991,0.15809060986885057,0.48898454654053286,54.42855428509551,0.8605510322408443,0.42115883560024875,71.23640811132637,1.4078677391519194,0.45424624977992484,5.16994611804256,0.034058428574758284,0.1460220071336052,140.3567254922222,5.177973743960968,0.8593023631292968,69.37220308991594,1.5538281789058028,0.6117648967026846,0.4903303298048027,0.005814332343492854,0.1828791456642097,8.985015081579094,0.16573545734396597,0.3130712046593477,3.460648821959559,0.045595933897143476,0.17626957392707798,37.73986015243625,0.6464161879825207,0.5403731048826407,88.01717206836263,1.9714461426309053,0.7525507394123593,19.907179576732993,0.4458894947991379,0.5866974060158389,87.99649102595342,148.31168470603427,89.78761461828752,95.18989994108743,40.990769138152636,142.83976417020546,189.9871550458744,223.10563274961206,251.2229507167539,0.0,152.6432705635863
32,0.8600575218243302,0.12206351073812541,0.17080322657402724,1.7537415070058024,0.24889945130440141,0.56157865849612,5.9667319378387,0.1509197290397617,0.28003848607148746,20.423590635801634,0.2582923782135495,0.4363735359230849,3.144215995389832,0.0353459244066603,0.1972076876875261,50.68652397919249,1.7093883317479803,0.6927781812182305,13.218790416420193,0.2786249224119053,0.3701382541547628,41.7603611812573,0.7041780391384393,0.4825134958469017,77.66501971721293,1.5278843310971597,0.5924921739995012,6.868708832095554,0.09651883947643225,0.2173512111445039,6.45084128187488,0.11784107438693814,0.3675633838034992,57.39229368073883,1.3710064173372905,0.7985823356835331,56.13208196637837,1.3409020559886575,0.6100778823378341,30.490059046311664,209.7453499078024,104.7305556117541,39.82563272889994,39.47648835833115,108.33745301751566,81.04293005698037,197.44909517675052,168.4916568963496,132.11415994651344,132.5814594840214
33,0.745572314651598,0.09657166006614311,0.1520457180977727,3.246043525221887,0.42044990903949875,0.5810981719999586,274.17634487887335,5.274238829122883,0.808978183080123,84.4616047647417,1.6247596984234096,0.5403022869627294,2.8224313751748134,0.02533727945698772,0.18166188346591527,110.77749875506716,3.1254516584632284,0.5701146640499919,79.96243817792703,1.743305496912104,0.501348857227444,6.643144475282196,0.09371409876110715,0.28626507273641955,93.3630323116651,1.6762605896739773,0.6999820186108355,7.502496119703503,0.09621534239788954,0.20484186632208398,33.90048382775028,0.5651813195194318,0.33220605183852076,55.324803150570446,1.2061667408559995,0.6477972732609439,19.045565403540536,0.415222942375917,0.4126800982472912,118.4789126698142,275.2957153255509,336.32889522510004,106.25635237329288,120.61174978150308,210.5000040757432,203.64362391242335,197.21851903880324,181.96864548124518,0.0,157.4065223448879
34,0.21963336807852255,0.03352054137710466,0.12418279984835955,1.4328019711407969,0.21867486793560117,0.6944809181078059,13.60446955543529,0.3289220017192002,0.4086479631108146,2.558878212142969,0.058000562351775524,0.2764926149968702,4.335706113786976,0.05241325756957661,0.2221153748492586,2.966205250249451,0.06275098737886656,0.25049225451654117,147.35083711099807,6.01184396928128,0.9038531732234961,11.505078231696668,0.1216967401108462,0.24427313303016027,9.702863989785374,0.20526708180786774,0.5105141473852344,27.275308639810344,0.4121554077668504,0.4214775126106419,17.042625765156412,0.3347890065604819,0.3582848085753196,97.2926239820913,2.4993102291637967,0.6869466110712942,12.018796421245645,0.30874592141112056,0.4549252748347009,56.42019681139007,106.73661303020332,103.0259769718543,8.603269496540712,146.87027611340787,126.4595365415427,90.31568064938665,188.28751723581422,166.37206259239846,0.0,124.34985075114189
35,0.287124796886086,0.041445015049462755,0.14517345997558082,2.3263720674722412,0.3358000646154193,0.6144985892245127,64.42125920811367,2.209635700697441,0.5407140889961383,26.35249842482411,0.45194258881182037,0.32121217693946613,2.1303254373552343,0.018267429100063102,0.09477890131890244,145.94596671259885,3.7544370723082174,0.7935120878476368,34.55949942056459,0.790255728793063,0.5866432075590434,11.377007576896846,0.19511448874202048,0.3591630057768113,28.96461368134167,0.5795301072936148,0.6487727724157701,5.668887962828674,0.08101736251288216,0.3106828767833556,33.86028283629881,0.6290919974997687,0.4237882923909736,32.780306362586664,0.7964199977434241,0.7136106796886188,11.862951769085758,0.28821853940782094,0.39240850775991837,57.48319227787331,158.646070466131,126.11642058063845,93.73854354880581,74.62457148169412,49.53207274756744,151.95339532724023,210.10814866616363,177.24844298870582,77.75085129995956,116.71889807584895
36,0.5731124467578693,0.09422521980944099,0.18084976742298073,3.790737496721382,0.6232338451015466,0.7768990785552031,70.95816371120551,2.079126041920815,0.5344934952500231,38.49112069559165,0.6265655331673825,0.3855845445103077,0.0,0.0,0.15562101353019853,84.55047444849205,3.7160860165028446,0.8392544327564551,47.374374622978,1.6965712992227224,0.7949732579955026,14.88243830000256,0.16958134509546297,0.27465437407986215,25.088612572487882,0.5717558616212381,0.6668255932353517,11.23090521872074,0.1828187381700743,0.34396959863236604,9.709002228355793,0.20545839825231954,0.3758663764529413,7.192645803701255,0.19904145635265452,0.429432897056517,6.261523800516951,0.17327459884099516,0.4607288719281719,72.71067576804664,185.22961105782375,74.34189647296377,141.7745016503229,81.77326888368478,36.37049234198797,132.4126667881741,181.44695226860892,104.7924343559142,254.11426411689257,89.90764961093248
37,0.25609489435799243,0.040620483145149607,0.14897548340829467,1.6259085447197732,0.2578934297066477,0.6109626240469354,102.5945969462544,3.3835030710973157,0.869657774155459,26.070936133891784,0.5322586997353796,0.5125670998310208,13.23293833578295,0.14547123283116084,0.28447066614364225,114.01244523626771,3.4019556824197257,0.7270321540648877,62.79561907191137,1.8737245104256186,0.5290633030673676,3.8805528054247462,0.060941955849354176,0.22841831114967737,17.861979052292725,0.3927176334699746,0.6667372509656488,26.31828429926257,0.4133142364547355,0.4152983104247817,67.56693588252801,1.3794322249589923,0.7203648707329053,4.684477697507821,0.12506416494411018,0.31786872114488895,23.87399470835886,0.637377612806112,0.5603820485579581,87.43528029136932,180.96346309427926,104.47468414241784,202.33243026023868,88.61374769657142,0.0,186.68357186726496,152.54397754153928,102.91957020759439,160.88508503133534,121.31066567334126
38,0.38280479135603396,0.058529834696104996,0.16036612237963077,1.7235705135048942,0.263529348431527,0.6325898159861173,45.43906405790673,1.2381704677602345,0.49314974879406775,10.509375262418672,0.20682298933529722,0.3966394719542087,13.980837730248801,0.1693174584570541,0.2381563785358054,83.13627705954802,3.5239291043318484,0.7461112125169966,28.822878048913303,0.8726616657063452,0.4793546515068427,0.0,0.0,0.21035384156177886,19.816091661798616,0.41997611999814655,0.5043430036558354,27.964137849911612,0.4233309226568681,0.3650483823005168,45.9924464078586,0.9051247115451817,0.4515886568139852,50.593712661800325,1.302039111679639,0.6419294046199635,11.419231660710867,0.2938761649488902,0.49360207404734235,53.37304760330844,126.76705528301093,77.85869677513227,105.08368551587378,116.4801689151597,102.28948723001915,110.67250309825268,213.86431200297056,130.93746309011217,39.578762312782175,147.21075319185286
39,0.24937500327003784,0.04064538493990364,0.1400513986842693,0.5834332554821057,0.0950932088014153,0.6902551095812595,92.61659073732604,2.5408244516485046,0.7467753475760734,30.802552831897287,0.5964923876743101,0.5273833209010298,11.176941759588928,0.14429454843041445,0.24879680896626002,135.74735128891012,4.600315393733755,0.7932125201729404,49.86141893912253,1.6897438581388524,0.5788133770015217,66.90471919427266,1.2956119551735479,0.6260835400946283,42.81644728613566,0.9673321293083238,0.7297989104988595,5.68118226699701,0.09168022516802503,0.26066111021926863,17.023635024681912,0.3571351533113059,0.512773253452946,34.932721497013326,0.9583370780076432,0.5990790746257894,4.623867552240578,0.12685022893184691,0.5186268782983381,86.38852990882967,214.5294913964004,130.81498848599873,150.98015310531918,92.6590617041183,0.0,142.58024355799918,149.69183706658498,173.0854286593897,0.0,124.87959108033571
40,0.375492816468288,0.045832282521760026,0.12403039775191092,1.1299744341489377,0.13792356401218625,0.4703220663191256,50.7411319515553,0.7358509875368914,0.33993377463706287,1.0980164327407862,0.013269584347196071,0.17535768324023432,15.983654794009567,0.1158979679035343,0.12635882243075244,188.84356508680364,6.846552220779356,0.8578221078174778,79.29609158679378,1.6291053989498832,0.4855864720584733,16.859985991519107,0.20375378686142373,0.36649408556248453,138.42522181745431,2.342026168899365,0.7274108090818863,58.81233758667029,0.7107500862387616,0.3333551409167449,6.785781130442256,0.10660846240837081,0.29867614720328883,11.61422877527775,0.2386095256880883,0.34859149054247146,5.138021546510688,0.10555852720911935,0.36579150378220704,57.88248291360472,288.9958441469733,302.91170701656335,172.4831923791981,208.39212263568885,0.0,134.0718103795448,160.2458487159099,143.09691359505047,450.5349893084083,156.5745113422341
41,0.6119713578361111,0.06227377827040581,0.10421804338565036,2.401208510392228,0.24434530218197317,0.43388652455647686,10.170779432416621,0.11271965924669966,0.1917218328503865,3.5070921182492274,0.03886803672645467,0.2115886905164096,29.553181571812143,0.1488767886726167,0.10387239732443712,237.6368500905103,6.464430895172213,0.8652608271425635,92.61690479837283,1.7729504978258142,0.4587758986990094,28.310308596910456,0.3422776924370538,0.226473649255958,62.08724998160279,0.8757561700245398,0.39997049736879303,27.948578758849628,0.2815869177043128,0.31102828039151365,37.14256941155364,0.4864834181515597,0.4096956377228098,55.723506221465016,0.9544212549462382,0.43409019341903,25.51394682096107,0.43699786310490774,0.47479996754172815,131.7224254333274,165.59223112925162,142.5743767806738,114.91636661478053,214.44839878699628,0.0,159.76167099144251,189.21516968630152,188.59257796141907,142.57545025584864,205.22047101934226
42,0.2768338451258551,0.038154946302690014,0.1297526087017735,2.7309194125262333,0.37639214054387504,0.5831241000686321,184.10922030075153,3.768574331860274,0.7412896265465848,19.3150002841678,0.34264812456956206,0.29919971363868625,0.0,0.0,0.15692605607733534,25.043782151421677,0.7518529119313879,0.41810260787374043,152.65031944713456,5.207724656402362,0.7520198671877262,16.664489771473583,0.2046655837347015,0.4526279243891427,15.375281873780796,0.2937388633695875,0.5812797466551456,9.281533268562137,0.12665723812952598,0.18343213694181829,31.809765092840852,0.5643052649082503,0.36083228642671866,7.555387781291427,0.17527338284174634,0.541018811736147,40.37596701926344,0.936660371357333,0.47552420786805677,76.63879145732542,232.8845380315104,184.15969123560163,0.0,164.11775981875422,154.84898412049748,151.26230637004232,124.03412515580409,136.84868543084588,0.0,145.46063673077444
43,0.34990373632399635,0.048245964046891625,0.13352441212808322,1.8291825787110183,0.2522141599710608,0.5970383520232274,271.8312847474196,7.793091359531073,0.8637593702732688,74.26023330298443,1.2165461550860377,0.48098206615093125,6.690357598182165,0.0822020930672063,0.24582645008676476,145.48008920697606,4.170747407665544,0.740280868606603,28.40978330113635,0.8532604916302166,0.4369167041769903,0.6083632040077548,0.005813691916801443,0.38365118752951605,3.000736656470984,0.05735178698924984,0.3361651398473851,8.697298243476357,0.11873408179054391,0.20178400188457715,8.994898333129784,0.1596359298981042,0.47746726144541657,15.602008249626765,0.362093275632538,0.46894958396486586,2.9399908438274065,0.06823165953630371,0.42253266402080036,109.00007195454728,245.76918626611192,138.79310033737667,301.3816948225869,119.81248062252023,286.76756400318726,167.84862815153815,245.1354647984529,160.9318931116479,0.0,132.0146337795905
44,0.4744974927278784,0.07414427719630003,0.18297653389866606,0.9672056519347759,0.15113412623237396,0.6019063935776027,45.060380541590476,1.3245574390364527,0.5585333688238431,34.42471641818449,0.8521434184252598,0.4003407563308769,21.636581729909334,0.23431982245822047,0.34235084174463193,53.21561287280376,1.8112737330851043,0.6572352747460403,52.42880975034534,1.3789269506470345,0.7612896371771903,4.4064862314026145,0.040904021490585335,0.1306698215699273,102.01978037640582,2.2097073487334287,0.8979976820282317,96.65375341467045,1.4953438330087103,0.7554569968512308,17.814452864194795,0.3582928823156405,0.5229899172120617,16.02662643527318,0.42151533145199493,0.5576195276615004,24.068367465025016,0.633020675343114,0.649192352330161,57.3976492552896,232.36935150261743,187.90451574228462,240.29421252110293,169.3654834155622,129.30266879864047,104.57900606567885,131.22040664305754,106.85907788536795,240.80363842735346,108.51492632730641
45,0.33849921688856344,0.05315961555058028,0.14349465662665334,3.926868614131203,0.6166951515092488,0.730510729781918,36.12273083486535,0.8425091447390561,0.6356425074594185,31.322609280660092,0.5357391788262569,0.3768497611916176,37.6418675367008,0.6438232212043175,0.49930469685091267,96.3778307784645,4.046166040820875,0.8839086342824586,51.98043041290488,1.374015342120395,0.636520138521608,13.586278695221049,0.14787724415073503,0.27693944126068737,18.94212027372236,0.412343748761037,0.48829868739112325,59.45960598298988,0.9245381070857197,0.47483569891264915,18.049003628974482,0.36483741838275713,0.4394750469977417,98.23340163081251,2.5966349235134794,0.7573732345062325,2.3849180156724468,0.06304130068187604,0.38329653536633257,59.02339862782629,103.71344315221893,113.04693272574127,188.10157048421357,126.39530857540024,136.47517206796007,112.17671012468271,167.1396793761962,237.75187245069546,0.0,140.7934115479849
46,0.27912036634663545,0.04456222672223613,0.15536840787733708,2.8973452115985836,0.46256801645028967,0.7074601008190069,39.57906270850616,1.0010124328316723,0.3623815660619804,24.5046528138239,0.3873490876590034,0.36422697459230685,9.878985626584717,0.17177463024592632,0.32203842805682376,79.87151965501621,2.525084562786005,0.6520021067192616,94.61875207008993,2.8417430101806334,0.6384379036022408,42.97191023922764,0.8830432921604642,0.6167506670624983,100.33148233744899,2.22033879928905,0.8073192212581686,35.24500077113665,0.5571235388219431,0.49107821687729886,7.610078264634414,0.15638189056503873,0.3574537981091804,44.620518138173296,1.199050609250146,0.7719955635502773,14.937073887359597,0.4013917429105451,0.5435115038153531,57.387796457017224,251.910597107673,211.50553404324276,96.24817105452132,139.08892726767425,0.0,101.71976844527389,166.2000579684275,152.49734799571627,0.0,130.1168652803638
47,0.5131351897636423,0.07176906052169435,0.13959671225632092,1.5872105089269462,0.22199336422106844,0.5663479660892736,169.48357280595636,3.9898872274797244,0.7377942891625997,1.142613766488742,0.0205696495834649,0.33281452978830356,0.0,0.0,0.10926393049123878,93.42658509285623,2.975653782753229,0.6689858978857084,48.46972102573342,1.2081674026470777,0.42965791815987825,17.22895191597164,0.2863018759773696,0.40406287765779814,16.788912640265057,0.3254877841263709,0.5528724243695166,45.99674292488908,0.6369585457312225,0.3544781073572017,3.9315650754166622,0.07077712372084073,0.3189417422691141,24.99049974963995,0.5883123308568787,0.5020727936816682,117.60856748679193,2.7686749428806423,0.894977319747862,101.88434275887552,127.52571136401043,172.33382339143276,151.8136394066229,123.66968429819988,57.82241185475179,96.41827919552968,206.86740458576958,99.3968598081358,327.04084543449824,232.5735776991422
48,0.41129930103303947,0.05897099325550872,0.13078012898886707,1.3698238702436958,0.19640168123428642,0.5569264326628812,121.07781244749488,3.4375866885092856,0.5465264516215481,21.593362532246154,0.4598017636377051,0.49647745098050394,0.0,0.0,0.06824116647334366,135.01218922568296,3.449884711147808,0.5473643873179909,132.195318868145,3.753229920811788,0.6576236851448536,11.23595673158683,0.19140373209130446,0.21684131378996035,69.4304286844738,1.3798662101590113,0.8610734673084918,3.838606873984831,0.05449199826827363,0.2904174039553952,18.72610107740718,0.34558096498925506,0.46446776193219047,9.79265714570158,0.23632440241045383,0.5468323399931777,37.872376136288665,0.9139671209872763,0.5707761729812401,92.72384707741945,232.99655292811252,272.408118784639,51.16499173393473,153.32445399767383,109.50127925689287,142.41395126616092,117.3074687021203,139.48154788372113,347.97585697053205,142.754474994362
49,0.2997292814104855,0.03572584540445575,0.1063341575042489,0.5642873689440989,0.06725950568364694,0.42464819366319595,33.36894983974178,0.5119385802975409,0.24409901771280135,5.167112687837459,0.06707683872831828,0.28102481057804485,2.618337236435304,0.018539960338510485,0.15504909475381407,209.45840854044113,5.932544567397642,0.8587740933035657,163.38988937866304,4.242089507932598,0.6719099293251456,49.47294114870241,0.7590022274134144,0.36525063872735086,6.019101120280944,0.09944699017813101,0.3819642650711422,16.08476139848883,0.18982202027088893,0.3512459704155888,4.520825241211943,0.0693574375841742,0.3630084631315313,15.759510138469636,0.31617214356169165,0.4923085441134279,23.69892827041454,0.4754551940723812,0.3657527470834052,88.17180274710685,188.02898196942337,171.79529751695316,31.09879051911941,158.82926064686455,103.75449243248283,161.13648868927154,241.82137390128165,202.23391252999184,297.2527118966526,166.92120859025044
50,0.12076952131785447,0.013340720150702647,0.09385490503345659,1.4055509389860423,0.15526319496803354,0.4149417830259251,89.6957744521183,1.4715119671899766,0.5876633772842311,22.19510696675921,0.21847427516498671,0.2675807160998797,23.600357325805895,0.41298960116547284,0.3428592564184079,53.65240223796201,0.9975591318143573,0.4070552810691771,336.04409471951556,7.3506681877901405,0.798859127489469,29.299339918384344,0.38453833156820555,0.29864284578325573,155.40432580368358,2.3795327944045552,0.7887393712553238,5.701019110846389,0.06235238243222207,0.16212175268759324,1.0424679098886496,0.014821992960370905,0.08568300185221622,118.70854508243113,2.2071480163396626,0.6606515112488567,6.394254048308839,0.11888836754672218,0.3489808584774035,98.89026094228296,370.58044690357866,379.397641062731,126.88237646953715,232.9598165577159,157.62550741023608,110.35894932798438,250.30372733061103,271.2927375978988,428.93725014622555,150.08267252772558
51,0.20224837858295355,0.023484591550938648,0.10345758066495055,2.169057577209296,0.2518657089274796,0.5102622151436679,106.49302484428107,3.91784933003598,0.572325790358109,2.9411178922151304,0.030432072612205752,0.18688078584251294,29.11182721449999,0.16734627824690498,0.1975654003200297,303.1985758299386,7.668782608134348,0.8021121434108899,76.23257616923176,1.928145779377885,0.4541917390845619,0.0,0.0,0.07032298995870899,39.58072155684926,0.6370717270122643,0.545132680291282,10.375598731802887,0.11928607706806511,0.3005062455092001,12.165709317254802,0.181826582709376,0.3868166406750812,16.317635037652796,0.31892071249791293,0.47612495876533506,11.072131474511687,0.2163997448511245,0.3588885572019659,141.42366959699746,202.2374715098789,188.8032946171728,393.27451829901975,173.59714827254186,223.06949856725612,185.8953931345321,0.0,210.9206786527986,0.0,162.81457929721566
52,0.39188925908754807,0.06142268915969484,0.20057728832320396,1.0340378399899237,0.162069725955093,0.6197414508939106,20.865576130866806,0.48569734783990964,0.38531756738395784,15.700123514591334,0.24363919800950576,0.2985977313708461,3.278755662408474,0.025440353998358967,0.19412795124506374,40.05723135896773,1.429726138239146,0.6563454946561619,101.52557047351472,3.3085585564811364,0.7900798107976201,17.958157806210266,0.3901520663957619,0.4143091385881749,46.976880120070234,1.0206017259372324,0.7751185874951508,36.57480817732018,0.5675787788161074,0.40089089124753424,19.50315739670752,0.3934525552669746,0.39636311770737787,8.26004262947025,0.2179090675195517,0.3545033480459882,40.004154015797795,1.0553538631131858,0.7025856150073662,53.849105179109564,93.29358475448174,177.9194544746777,86.69509478614196,107.0417527526808,247.51733941508797,89.05820649834233,71.819905904888,82.8544280988469,0.0,146.40660809495935
53,0.5228903728050294,0.07820680824104709,0.15052789878112888,1.6403134649281874,0.2453357095076591,0.5859262390386119,109.27417648354147,3.074565045588069,0.6175259294049346,14.778354275381687,0.26261520159315155,0.35798013337828605,8.823511583224922,0.13066341432032658,0.20054248484564102,59.06941711261976,1.22462540097167,0.4290836511421305,130.7454897952917,4.0659174161274025,0.7719478724493,29.038320258170657,0.25800925415726056,0.28674389684919444,38.010935237464345,0.7880415802603723,0.6172657338546524,20.81251705947979,0.3082032038992056,0.33130438928073425,18.86713196220331,0.3632133323075898,0.3786107968003289,40.53892938773169,1.0205487112971652,0.7010914957212441,75.47434586844176,1.9000315887805599,0.8324414726726918,74.73780743241191,173.26312511915046,159.82761926280742,124.63268960807683,106.17591600158003,0.0,125.47866481645681,205.85743325379272,134.7892736892318,203.37834738096393,210.8367019838132
54,0.3393712522356086,0.0440912953743759,0.12113133060135177,1.0187022233539844,0.13235034002600518,0.43975124605579374,114.69812020423673,2.065574053210007,0.6028269831987244,18.24118300331781,0.2815727873513276,0.24808062347525878,89.69469222766583,1.4999145909533667,0.612946083052007,226.8396026149671,7.003039131655708,0.8892645838982626,17.0216530829519,0.4160176625122779,0.35497959403861673,14.974949345560422,0.17336615011102044,0.33564144377126653,60.94864409622864,1.0976111692094743,0.5048910547527622,9.683030178274848,0.12455687937965995,0.39826000666947875,23.572432684595753,0.39418871785799664,0.2742964815885218,6.757529588632015,0.14777239459597094,0.4503509877644979,18.011736532084985,0.3938772895135404,0.46284874187265757,106.9676651364812,216.11879412271875,133.21789641210083,301.36861530582297,134.86996290307152,123.46962952663011,102.68796694639157,111.62061803451336,157.95968558433242,0.0,227.6315108031423
55,0.2691244368184775,0.025570247275282194,0.08726466449369852,0.7445106752662668,0.07073799128276968,0.38238539869253096,136.92060105768851,2.9624910913651337,0.45262031699527155,5.946374121600558,0.05593873613798193,0.1991338018908012,0.0,0.0,0.04958905423713383,61.88184593827923,1.1642699167205814,0.32520506184858927,388.72346740352543,7.31359952436841,0.9239781914311909,0.46621581354069974,0.00350862866596602,0.10343494767231302,85.60583587342718,1.1274358177968995,0.7549608931294998,4.188123363475216,0.03939851797950747,0.2223533560786876,10.072199891664617,0.1231765705808529,0.22625643945213442,112.64321708280835,1.8014175391196896,0.6538881318702583,34.42678752757697,0.5505615027146554,0.382585837621594,174.28229371898144,369.02119305907166,358.8032926771113,132.76091734790018,113.63151239052684,0.0,96.94101881556253,306.847376762619,210.82367220141452,295.0682864642199,246.34394370303974
56,0.3471699119800938,0.04818335410552536,0.12730676609528743,0.6903847575942771,0.09581778862832362,0.5062420234252423,133.62035055433773,3.6722833016129837,0.5682838478936874,71.6986165787949,0.7881962031045215,0.3437418360551146,56.00789405085516,0.7696314716590439,0.5300591306010843,66.44194490974428,1.9173226682674953,0.5842311686000158,148.0316079934353,4.271764741556745,0.7796173797356731,7.910796708286675,0.08696485687629575,0.2336322888615529,27.663445338343333,0.5321914332041747,0.705872883174364,10.707220904403155,0.14713308403547193,0.24586441940839804,2.1695910333838024,0.03875741515877851,0.34807008360614167,128.0341810346215,2.9909449843064366,0.7789031049834724,24.15380607486479,0.5642454581092853,0.4684994442617906,104.88333454379374,179.58240467133115,194.19396662355237,56.944954568475424,129.98941411213076,324.9191501025796,111.33575794954515,237.1588096525014,302.1971386696668,201.8116502084792,154.20393597011372
57,0.46943272665516284,0.057328889684130996,0.11416666013419666,1.438983382671438,0.1757340613856864,0.45713913617906327,170.09939806962046,4.113500609851508,0.6287340809780048,56.76803443010069,0.8236901960795221,0.4650186830504626,32.88893800067994,0.4374428565425374,0.3792046941937174,147.2240061270057,4.272368127301779,0.6212222424336863,66.2009931477008,1.2807468046389439,0.5399502813724338,0.0,0.0,0.08648174635665312,112.38971496527256,1.902538259441838,0.8296484396408238,3.6753634250417306,0.04444051496333675,0.2814657001739654,43.64777608714904,0.6860950193473406,0.4173049360134288,53.4755315072826,1.0992154520776818,0.5377547075327658,6.586282128297306,0.13538421934490788,0.5122767232426918,129.9684971350663,261.5224371468101,312.39343691207785,190.68033251907707,130.2390440013659,157.36547324125112,135.6716475094029,211.6300305786363,207.60040475785664,305.73881292555745,150.34125244329823
58,0.8352436181818673,0.11954940621494525,0.16597659684503493,1.6882565985623954,0.2416421622423588,0.5196666509138452,69.31183848629809,1.473369112830897,0.4813561456393173,107.87982167860903,2.2932128281431887,0.7163024904974633,32.35769520746221,0.4126985783863957,0.29797309395166277,83.82937599042123,1.6631719529339124,0.5978778652172446,77.34641517472816,2.3018253480728927,0.7943742126390074,35.04356743777649,0.6952631795794084,0.49961122723236556,66.78912109851821,1.325093878604737,0.7081484084942473,78.81518524582528,1.116921842879701,0.5510527862610675,3.914879772935041,0.07212314647362815,0.2494851393986904,100.04273902119405,2.41016834694741,0.8184537653035002,45.17196152278359,1.0882552086931039,0.582192425860484,76.88989356577238,211.0463823054708,149.16650662066428,220.1201401968573,183.92927786101404,0.0,110.77388522393395,230.76552770141478,269.8771487131759,205.4331299350653,185.76387685968848
59,0.4651890103261705,0.0737459065208082,0.18558333208485353,1.051779190729873,0.16673740814666213,0.5169419914534544,39.32645773382909,0.8641715488063796,0.4205889585383848,57.785836422817724,1.2698035530828446,0.4661190930422094,0.0,0.0,0.0827645524411086,71.80145107889719,2.3666804014751492,0.5773289327146048,76.50281385073097,2.401565872046579,0.6895707010996467,8.967795155481177,0.1829852695706643,0.27160405643886276,54.84294944445245,1.2051356591354987,0.5929702080553165,61.66838183110919,0.9679427052114504,0.4970816936534626,30.143755278352543,0.6150746186603228,0.447022658269523,64.64275537622515,1.7248680573511654,0.723286188394384,81.76385611955065,2.181711822858644,0.6954654909759992,69.63615785873371,134.37771286285292,174.60491555233492,146.52400976248668,128.51409164661237,177.80392452345632,94.0193369089401,159.63555562557914,165.18139501831078,139.94300103966617,189.88266097791046
60,0.40396144548835616,0.0519965687301705,0.11896281365340797,3.4973379176982755,0.450165661701672,0.5663325511990084,47.21803945299803,0.9628116295828344,0.4993878947577202,4.419528548835824,0.06758815380816763,0.2655498841370081,9.267528450898762,0.09448596631057893,0.18413078365606178,179.25439223914987,4.568916231513988,0.7872245027001114,220.6545846999712,6.4677643105445535,0.8900063096788599,9.219521576656993,0.1409947770390477,0.40771778945715775,67.73633930752602,1.2085459071977585,0.6075512192658237,1.9904197333189928,0.025366354803050425,0.20834071530224224,4.006971989771194,0.06638547283271477,0.27563719296561473,2.5362198570176284,0.05494766146406506,0.2799316073004432,13.969896633328759,0.30266033473879367,0.3936677147952027,133.65951993689265,220.38809440794427,255.39663755492188,241.19006590304153,175.9158813008233,173.49917764363283,143.31396769938058,83.99512365502599,143.74503049453614,249.3211286301792,108.97364761105597
61,0.45555862593505964,0.06209288822676511,0.11075773827255787,3.3623424477678565,0.4582891024417103,0.6046145318052824,71.19049213151833,1.7293014813359957,0.5131888628962833,4.895208153362236,0.06606133969733596,0.21157869772151636,27.2565162705771,0.33104655236608194,0.35854633784778317,39.05978009269456,0.9488083809024557,0.4479557758504022,69.39202699285298,2.0601956591955304,0.5252152302040329,34.074117261838246,0.5977838519303028,0.4592541782694935,113.77718345753536,2.149608781282285,0.7718756187544029,11.212280703286954,0.1513108863027574,0.2444316221500868,18.242252085311222,0.32003539917537505,0.37875771518918633,64.69490976022985,1.484209633173638,0.6022277928402472,32.388815674101004,0.7430537025053151,0.5501956950738438,59.200495068070026,230.38634982324726,277.6539852428478,11.26490881346868,84.31803355086426,136.94967152706397,102.96338628285066,128.74240175413703,182.77132582871056,0.0,116.85975623875618
62,0.19525424248992324,0.024895167030129325,0.10802291960109484,0.8027157336297543,0.10234728839480588,0.47661091096806546,137.53790075323582,3.6461529093831784,0.6828222038281805,34.483741271026915,0.39178705196329616,0.3566722621232993,4.827161532280701,0.060937554800382834,0.14569418290810424,176.7884437205001,5.3562187576693265,0.8110519591338513,77.44525575340701,1.7597886610791902,0.546475619314592,19.307444011624888,0.24373504380281805,0.37859892234387243,60.425645356219654,1.0679293557646412,0.5779772292321169,11.60239786261466,0.1464673910000433,0.2642349663224456,5.331025937776703,0.0874877685300197,0.3715620536677424,7.427308595068263,0.15939459174048481,0.3838213303850722,21.605541863164397,0.4636681619635048,0.6090181938543289,101.45263582948544,191.14911087823302,159.57557588927745,95.11187174062084,138.85094031198042,198.17291875789437,139.24281707667456,229.36780463003007,177.6251992018017,254.76807286244963,192.31793810966767
63,0.34614706256620703,0.050770767612046255,0.15910182628233255,6.408443577622805,0.9399519303220035,0.7133512755183861,107.19392555903757,2.6463714481734146,0.5217770624003454,15.001623433672268,0.28321308672329354,0.28717392474641695,17.23650939747721,0.15018697714370083,0.18193104699155238,138.29827622943688,5.020979879614262,0.7557384201690661,213.6405500446298,5.89479889910422,0.8771686643779963,5.535341741950797,0.0884237296312129,0.21360177926046958,2.4984374499766426,0.050795848834426206,0.20454273930236816,33.79411134677643,0.4907640434797904,0.5488082184879867,6.2836785033622835,0.11862849329490217,0.3936602220106092,65.20864902112504,1.6098515474967363,0.8067020276935084,12.514434056459024,0.30895259040422357,0.40301786916719173,123.38867743126502,195.43855948943929,149.23369752103963,260.0195457758269,216.1658992080688,198.65991978897853,149.4772398659363,293.218192614288,188.69820668438425,180.72774797501722,148.90104920226312
64,0.2841157286208022,0.02543567228872291,0.08235649825559067,1.910202520547901,0.1710123038721182,0.3825233717572369,68.14012035879244,0.6643885691226212,0.20142770807482488,8.650505011809315,0.09968077012402861,0.19458371919912124,3.7563875549510777,0.023307462992086716,0.11434561861937959,135.63114973371577,3.1257868621097895,0.5020806535181181,387.5601567195181,6.870616195408698,0.8680020069936996,8.126757246721949,0.07923855417815959,0.17482266129191354,4.32220551886657,0.053636449222283486,0.24616267864661914,3.622840220762356,0.03211262079265012,0.13333186858764734,19.314019204050425,0.22255767794155032,0.2707091304401213,171.6811727242011,2.5870103299251563,0.5423444816590897,6.3557760795596305,0.09577321794583808,0.28132728695378767,121.66732115842203,291.8864989623644,117.56503798471309,63.914162787547816,208.6301713598656,141.70404603413238,192.9819410697612,384.69280937641486,319.12249892929566,188.4987586607759,198.21203083116052
65,0.4475017122300631,0.04615855785720862,0.10067937387868657,2.062316693199673,0.21272223502466672,0.4138896091543235,73.79975978205968,1.3566368507363227,0.3896011896943997,21.16220400107828,0.2377331463693832,0.22149677993941336,17.796683823246155,0.10905020633679581,0.14202104103858973,290.865206770359,7.426222194335383,0.8342948529941814,168.63566159314334,3.6166365915647356,0.5894877075702242,24.584545599776156,0.17575042424430554,0.23659640847810767,9.139147420625992,0.13066818989087955,0.225902356028754,4.7037182304698435,0.048037174479370955,0.22516135179903202,4.524103175976888,0.060063690015500985,0.2966284688358505,118.45431106316371,2.0565342608268953,0.7176628169438801,8.3285112471352,0.14459472658857078,0.311612180977851,104.80187855161658,215.57157106323731,205.49391406240807,116.62798872902121,166.47704623843785,0.0,218.78042418897527,315.81177847262836,344.43199765421895,314.363992510587,207.88368804133862
66,0.5171019521409794,0.08005099323547028,0.1407408993063999,2.1677552452259787,0.33558364990358736,0.6354268260521498,10.122926051344134,0.2482534088731351,0.3338751095019538,33.64409230312366,0.8766513600267604,0.5828941744232888,0.0,0.0,0.16269225467308573,88.53461152443708,2.1712120589166863,0.7324416509736786,119.38088329316642,3.1106624235017226,0.6407521804833171,83.2343907473582,1.913653207861882,0.5318447707193708,27.559187514439362,0.5913758961678315,0.5080258004477852,2.2455462664717656,0.03441843992330264,0.19673404230199512,1.670843080396795,0.033292636609326305,0.15569440964192785,40.16676314269228,1.0466101216124855,0.5782245478619894,72.68229231282065,1.8938549398754632,0.7425230533516304,64.91117838693188,128.72988075580886,145.11812852229681,75.77499912872533,69.90641878101651,29.18433878067671,114.36927470400134,137.13594500473286,183.53546672934772,205.28700271703397,178.04673307300186
67,0.394514884769851,0.04890676576679877,0.12531445245635525,0.5906301757907889,0.07321855974852375,0.4250098609165988,77.4843405102415,1.6167655204444082,0.5616881558750009,37.270575225779275,0.6861854911817531,0.4799010893909675,81.43769119551658,0.7996494005641426,0.41507789304824644,72.52953535067452,1.7804470698684192,0.40025050778218,113.70509617335472,2.9307812265548616,0.5909067110179034,12.064782490811817,0.08884948675256862,0.2072622481209911,150.7056835259606,2.589654599940477,0.8158773865335047,31.927878047125553,0.3918810222709655,0.3965990212835698,40.45369748303475,0.6454844005342556,0.303246765772375,16.31409920628901,0.3404052085898738,0.3802274495349194,141.0510762522565,2.9431303822748722,0.7422685350081601,78.41659027415999,156.02935857677625,321.1271199613547,186.88808456460833,167.8661077600314,236.12847141402307,146.52955371728646,99.76181641994657,146.86007369403097,284.6549742647256,269.5631565675218
68,0.23473880543390424,0.025025225136194717,0.09099609329460033,1.5203362389488901,0.1620812400066694,0.44360866542306354,73.88508690814476,1.1698219792216562,0.3925151163896525,0.0,0.0,0.10617266410075546,5.872623814838839,0.024794988007398804,0.20430500717703823,228.22682304815154,6.986125965461117,0.7733205160507407,74.35542788963292,1.6481764378108752,0.4117508571695779,6.479478098341358,0.08207161916448386,0.2537371389002915,133.91785349941765,1.9789655981140362,0.8204603530684977,7.969534074848939,0.08412104539674928,0.2465057380916121,54.155891360468566,0.7431231485685409,0.4751103554242106,85.5280016326566,1.534719373652914,0.5364293224931921,26.38948971416227,0.4735345191284711,0.5166644615056211,123.38773686193296,312.72726234031296,136.8441882202994,179.26186812159946,87.78573616755035,191.00630067989067,212.8376628564428,213.52469471160603,283.16454556791217,69.07785639477551,211.47283098319497
69,0.4075116824295698,0.061283325853726374,0.14089855089935657,1.1091958718303885,0.16680555424503188,0.5714047503386402,86.90511307368214,2.199759184030474,0.7895423428552837,0.5726378558554851,0.007673675915303829,0.2699515354621201,25.44284246526401,0.26518231531946057,0.31389888517373443,159.62202560321225,6.892419537264048,0.8151646478858761,73.46846242096264,1.5314748730885948,0.6250072292662533,25.866075536585566,0.34662025718156153,0.2723233062019358,85.21752342757293,1.7763880116120252,0.7382670685118068,12.885021957440035,0.1918518768536041,0.27971703901081174,22.99474994392148,0.4450952224854622,0.5875518763589109,15.994297900384522,0.40485079017916825,0.4452766257932766,31.814718212673515,0.8053003569114962,0.5220612096471449,85.2512466808055,206.97551989822225,218.36150456737508,0.0,107.90275642325496,193.61129471349537,146.16036600924298,160.20807879030707,136.20594366971244,0.0,193.52838841755633
70,0.29766824065141123,0.0438169248606352,0.12903860822932625,2.918909472418399,0.4296650416855514,0.5917751928997028,12.414595444540362,0.21712100383500005,0.40053685270117345,26.32653143724206,0.49879835971349196,0.5255822792319276,9.830103823492312,0.11461358900731347,0.20663619003704212,165.88294832607033,6.285836987430336,0.8838180469423347,34.092945452799334,0.9440742343421924,0.4369825513917767,9.989221752056823,0.17470322444464445,0.3018336335901204,20.927438019974254,0.42700417418929554,0.7018807378631844,9.482857431172103,0.1382061094860823,0.3756348973913144,4.918453672066217,0.09318799287333833,0.26307265506742084,34.708078314541716,0.8599387326966154,0.6824903885108305,7.243548702630612,0.17946853856661382,0.4992201940726681,68.96796531717925,165.92693992828765,134.6035480769636,75.58242653458704,97.0332090341187,0.0,115.48626869075098,106.43319207824027,140.1758408775782,164.7888752440717,131.2311098578154
71,0.4162425592964872,0.04411615555003826,0.11326763565961996,1.0649652425651281,0.1128721012473938,0.39115625995834097,235.9579885317292,4.704550000363725,0.7654577666658162,12.851215934289142,0.1483428807212272,0.2301414968008701,8.278844687576099,0.07818834976397324,0.22372011920669602,83.9794328211337,1.8506403811701244,0.5266529024838584,38.167069628152284,0.6808752393315926,0.37088576069645746,14.426467456010378,0.1968036528497769,0.23093550738952512,13.448691053787444,0.1975776679434548,0.4310887873114788,6.680268934258637,0.07010092506332614,0.33897187096706594,22.757618648238797,0.3104559375878007,0.33861918412997094,113.16690884724191,2.018822689205039,0.7705249110862722,64.78863109107873,1.1557862610329002,0.45209465342665694,117.83101940287624,136.9365571692261,145.71759071617225,278.0409826434971,67.90172728321082,133.790619360146,141.63258191418134,430.3928519243948,205.72549528481184,0.0,197.21556424354256
72,0.17104667352587924,0.021070414591929813,0.11875318308171066,0.684197897181449,0.08428303842084667,0.45933328483496494,98.73640821284147,2.16763874175744,0.571572527855734,118.18384115007919,2.162153061229314,0.6028785758139203,7.022182578743683,0.05995249089877883,0.1171666338013081,80.5929243778209,1.7693204396934055,0.5383351300377243,57.11458712719592,1.2538818660439073,0.6000736136843462,1.4819408086260282,0.01807456825879993,0.19496813863853332,28.268304382945804,0.482686185452521,0.3971047830070688,6.694203577446741,0.08164620259768904,0.28097586468104957,33.30762317577142,0.5281096091436573,0.3207253901767007,179.6468581634282,3.7248228461427653,0.8741478484995133,49.68341285425797,1.030142765455597,0.5803116995556759,76.03183176013759,120.85663985436823,130.1114409280743,213.4311221531163,85.1161872006783,131.55417113211647,142.8930090912143,294.74105430091055,337.9052446962493,280.3008224979841,185.92004785346165
73,0.18585341343109218,0.022179585253976446,0.10432378160402157,0.8200575393412213,0.09786495588755179,0.39253829611229035,38.942464823578085,0.5521615835903594,0.31745054115387406,5.914920939409072,0.08386711338154598,0.20999911176325325,29.52718929064053,0.31399745120565203,0.36944991588863413,86.27121100276982,2.5483988955112076,0.5505582128111299,112.27036636907778,2.653118455883604,0.5370705162941737,18.739808645124942,0.1549975013391485,0.17378264190724046,56.655575982995,0.9371998274463654,0.47022082236164825,34.598388984245894,0.40880611387772725,0.3472693351341967,4.731613911930636,0.07267987262537011,0.1786920831563301,147.01360078196356,2.953030560046041,0.793049199418191,26.506267135819378,0.5324256835318716,0.4456639383221521,54.22085175479068,182.29140989727784,171.27892333756725,168.84377261384498,157.75344573524154,50.63072682206961,78.5373947117546,283.3797429538903,270.57517687933165,47.490357062724456,149.75950572496748
74,0.3360516394012307,0.04639383387761398,0.14611069329949242,2.14716042960493,0.2964276694414262,0.5482462629919547,106.04552274280222,3.188951314647984,0.6191301350182666,4.4964073082442955,0.06146084344445832,0.32851866753762826,33.17776654199403,0.40815256224273194,0.3444398439038588,43.39102086306517,1.1269024932446894,0.42438894780136716,74.8801687104403,2.047055798423213,0.7361977410554498,13.74164990860173,0.15026635014182557,0.2685292439856998,10.365027099463632,0.1983496088900866,0.3113458583652354,2.269587165646752,0.031022710334894822,0.15574517569608623,4.713520976301718,0.08375710682284652,0.3078276080917752,14.8089553818028,0.34411707037034056,0.3835148664192488,14.174636015279113,0.32937733239020434,0.5294442910681129,63.300161553954894,61.14793651518615,150.94186055678503,74.94251250920334,44.08816835097192,0.0,92.45127322071046,135.60876478985628,84.53550070057987,0.0,161.28404182027663
75,0.5967932381715029,0.0767291042623575,0.1438104838568288,1.6287932255930235,0.2094123010027032,0.473422649322122,26.498588553212603,0.5397064212450626,0.3048568124196265,19.234099343580077,0.17138971456972085,0.3470482412099204,24.25853796103911,0.21616109092256347,0.3743558295386372,168.994780192259,6.0234621072790775,0.8441646192712903,181.19695008381274,5.9970696390128255,0.8355230861747459,5.852389032355482,0.029799435676013557,0.14822470633721083,13.192036306461258,0.23510113957193998,0.5158823047149572,41.269502898933396,0.5253443893676208,0.23523056169093237,8.81908812140824,0.1459425381945235,0.4360188734608512,5.569570829219017,0.12052732374601433,0.3733751117254926,18.01260465539604,0.38979862172150687,0.40753326548651836,88.31612266988324,189.47356393793623,198.8980711236307,191.25086319320005,140.03660714212887,380.1133773683125,157.36532401139704,40.66192246248451,200.17640433356976,0.0,190.69245214982928
76,0.39297529934782205,0.041773468527612205,0.1103726250197057,0.7106076578552031,0.07553794520968297,0.3807534378141709,152.78880187595692,2.2513005154360974,0.44792615434020866,12.023980799650177,0.12655001002075542,0.3153607673270032,85.80630039601604,0.4515471355075559,0.1980085868113766,335.0584686323202,10.226629140671855,0.8333886560616932,177.12434585973458,3.355557415678703,0.6300335173785959,6.6566980456009235,0.04904229746277656,0.16932491147756815,12.901636735482308,0.19010203022693675,0.38195402196044703,18.057966229305816,0.19005650835200938,0.2701183824909955,10.61357814294606,0.14521754280416546,0.40393687914448606,33.66684244445628,0.6023726121571198,0.5259164500660566,19.844861660449144,0.35506748742544536,0.4130616506040553,128.48254501273001,224.18674499301142,193.10513974303774,348.0534494901772,176.82925192702209,554.3441170378278,221.38550395303938,361.45015065767046,253.20359672194843,0.0,282.1008327037263
77,0.46645409770042545,0.07513610676491309,0.19425037495985203,1.0508568476780342,0.16927130170155813,0.6018385529688524,59.72279263765457,1.7144744359369803,0.5912975914192953,12.628808732103963,0.24169186526930475,0.35255003415590813,4.794922808271474,0.08411872991684471,0.30163964347577404,58.993187210064235,2.0698693932243564,0.5619546471912099,159.86153971662026,5.863949603815935,0.8309107744054394,36.969737525164795,0.5896099024143051,0.4701491671876632,59.897106358187905,1.3373721632455706,0.7613799688451299,4.079682141889441,0.06506459473572078,0.2157200904314341,57.592715619951136,1.1940686902995183,0.6875887801131481,23.305910433135292,0.6318782345578339,0.41246413812472055,43.00832529569216,1.1660571998291622,0.7534196584490415,59.06714893557038,198.67326951633004,236.53589460662832,176.12757863871002,160.58118638082271,203.8154051571412,156.58590300977673,171.64749193018514,117.26309895651008,189.06852418298868,174.1000425994857
78,1.375058921268146,0.21026193742836707,0.18953628997933414,3.4683098132221657,0.5303434853957804,0.7036078338861094,25.23897847134566,0.5731667811945667,0.42204177593654807,68.06237379643109,1.6487129700552423,0.6012884379535164,8.045397181486175,0.1339856088681138,0.23409305736501332,56.03897970468256,1.69682945793424,0.7225433566752194,27.937416182339646,0.6767436667345536,0.39570922560675387,14.155098332085657,0.17144343424105404,0.2874446342769332,126.4025256146259,2.679179226769251,0.8645459899330675,2.1478350814676843,0.03251763197889221,0.27122439813421506,23.047187569127328,0.4536064993928888,0.3467577741761629,2.2620970980828976,0.05822079668505821,0.3386839821251332,11.545360854883855,0.2971490956588415,0.47349445375673876,54.19715634280323,218.73040715587652,192.85350894427648,0.0,54.58858330475689,0.0,124.00637584430622,120.4180097327785,94.65409007245519,0.0,93.58108009442009
79,0.36023159342576366,0.052562048969100245,0.15186722798498117,0.6756503406012202,0.09858537378951247,0.5359139091489831,162.56984916488474,5.871500809074155,0.6711344909983248,2.086453520665661,0.02109967996730143,0.1953522615589682,0.46076879031278395,0.0046596168657611105,0.18637338902894507,123.28900468731258,3.7403544099455694,0.6774634255301641,77.77446399101126,2.022453966882081,0.6577346897588914,14.404272918422283,0.20809442963525762,0.24081401015264717,41.78605122185487,0.8451396584162723,0.6981832573828366,4.51579136888318,0.06523835215991536,0.3397448860554506,15.812604669403218,0.296972256695758,0.3425067272516726,18.697236017252937,0.45919319687721905,0.553096675657612,30.539255589377028,0.7500262814993811,0.656229408036203,78.89153173105157,240.32547090624988,144.16879185914885,12.409206268362425,146.80385800128772,173.96502535876118,161.85667776699134,104.02048425158554,214.27178012967883,91.63856396596802,159.6222751805085
80,0.41831073557202886,0.06658893423280184,0.15659717378420718,1.9787839131166565,0.3149933784780016,0.643899077286739,44.55912000024143,0.842751494016451,0.47342793031394104,30.066893164472017,0.7108230350670779,0.49702851706566525,10.230527993590925,0.08062128799455232,0.31918402873872753,112.89525506644644,3.73660046539689,0.8239030325396182,61.6958632235339,1.9447676444981439,0.5677849845402887,2.701868470690072,0.05535912733066695,0.35943561526610285,39.98191357404687,0.8822126715618647,0.5774231143851246,14.857845726140596,0.23417337991083678,0.2685604777581112,11.013840985854907,0.22566480646629528,0.409585361920419,1.6045616944305503,0.04299193784322375,0.36874266397337013,15.589491456102243,0.4176981477337794,0.5049738803303839,61.81480827202877,136.40566552011123,140.88744690093986,0.0,87.61477817964438,0.0,112.55286006614645,127.02989761644734,101.58496692703528,0.0,110.48791711642902
81,0.24932403892043115,0.03606981052072203,0.13661339702036157,0.5691995030669647,0.08234632453819166,0.5333064216048776,102.10079546188774,3.0711904871998903,0.8822330348227835,7.851340526088052,0.11246105346148336,0.26115497884731664,33.206087698262834,0.33294621651306694,0.2762486624068739,36.693644122491776,1.0511850453166582,0.6527679480325678,78.77976265193558,1.918323835112561,0.6235250016283104,1.6644496416269046,0.0286094981373912,0.22793424605734824,4.9547149353805535,0.09935850357475513,0.3038843848659481,16.12226381386612,0.23093212766237395,0.2865725583727228,15.122614704606157,0.28159735622947946,0.3985627151587248,18.00694384197782,0.43847745165491053,0.48446141659658193,8.101849665255285,0.19728380485259156,0.3671789963490186,65.2177546383206,136.0561048156339,93.77639742970591,44.735540046764925,86.97306842238383,0.0,89.62291266790687,233.64496771949948,109.87533370338897,136.02168103096596,103.47494387184516
82,0.19189883249623196,0.020010150231281394,0.09077140953265182,1.8095855500506581,0.18869358527014826,0.40598305083272707,379.1303819159376,8.219861992668715,0.8593226114443905,13.46456086605685,0.12510980472684724,0.14072965769420642,9.28015356316629,0.06706714910273552,0.242953572099543,44.12757661992755,0.6833732577576583,0.37008618540126936,63.42332819397589,1.7679477892543025,0.4421684361996854,10.668172672241427,0.11014040760562413,0.24037913015518592,2.229445048048057,0.03222414854152024,0.308026519578082,61.9615669190516,0.6397039536212954,0.42076624150060726,10.830763944924653,0.14536474332494695,0.30255213750628407,11.823894524297843,0.20752293987770395,0.42090094670740014,3.4113192277103055,0.05987257358740868,0.2910436463964742,110.32541597267824,155.69953821964307,176.5086566005758,243.33473912119064,137.89390097929677,463.1576459444818,198.28580953993023,289.12884204585635,162.83888234722397,73.95765041899874,167.51070563081382
83,0.34658425075947236,0.04170330195229267,0.12036269306407245,1.46906214976657,0.17676724283965484,0.48267854404779137,15.843670791311993,0.3208817193817449,0.3795403827700131,5.338936013779026,0.0508844339639646,0.17389474081337292,32.21650793301264,0.2302872847093612,0.28838325458284236,240.17547432913503,7.439474335916693,0.8193257423118291,23.341583301798593,0.47273687276312903,0.34728579062043174,85.43671879616633,1.3232081223205627,0.42140662431857623,72.82812120027802,1.2146954000102652,0.4396318293309154,0.8428938884547549,0.010041836588557142,0.18006103502567736,42.711822516982956,0.6615028206832556,0.5852741609864265,22.585640137294504,0.4574267627781396,0.4683857237218717,3.909006948760512,0.0791690819201623,0.2963250801971083,70.19338046180948,146.0593742814999,124.35214529322216,41.63027131440256,74.74303987829192,215.2207093970144,279.5260823859048,268.5918788449021,149.68683875757327,0.0,176.0158308813527
84,0.6300402175598189,0.08518036119877147,0.14415706005764659,2.7254610091559908,0.3684776728892447,0.5595151341973309,218.84057403609586,6.151725818334966,0.8342261679799073,3.701640861540932,0.054505056791725494,0.3058557514128826,0.38816774325781417,0.0036372010972853235,0.10050440881529203,200.4818499138625,5.904016636944308,0.8258645956969766,42.571502897062885,0.9117773421546761,0.4585013247946611,3.735108113838882,0.04999804324695542,0.21029542298970175,7.270225355496856,0.13624662069337168,0.40006675885934573,12.768645440824326,0.17092069827644973,0.3991456327768913,25.248787047294936,0.4393733409377175,0.44540122249910946,16.093205828120933,0.36621937571018637,0.6383288392910464,11.257065054928173,0.25616743989821367,0.4043176391783985,85.35106366092037,197.32325047891206,179.14456841892013,181.7081084424392,142.5557512120278,0.0,194.7065133714145,345.7984059998741,180.30391222075377,99.00598473845284,175.9869907157004
85,0.26156963401266475,0.04893313802509128,0.18218935903343614,3.465219598667838,0.6482559397573447,0.8402180149523079,82.17656291065629,2.7397746733086366,0.8249492146042777,46.88092024909968,1.4761803446805308,0.5801856054332744,11.883116024262561,0.19809212730556253,0.3597286588364807,68.32699383135088,2.657700127634215,0.6176166923338322,13.643951541962172,0.379075569668608,0.35726341312691273,17.29278788657211,0.25624144243354086,0.3064258011936897,24.564022223059915,0.6369742648473972,0.6017405325241617,19.215492140629205,0.3559146633470637,0.3519842802351971,33.84420834656248,0.8149333314643019,0.7974808907186182,27.78830927765961,0.8749946833301023,0.7067990672221678,8.088830298137204,0.254700040744098,0.46073378141629345,45.0675182506915,171.260112296514,86.64798882167963,0.0,99.2568156205183,0.0,121.39877729777383,159.93558371664784,130.97334843971288,111.85147825365064,104.98513244288947
86,0.3465521182171207,0.04740641353689626,0.1341503766178455,0.7299711583317047,0.09985601813635189,0.5083415320870504,92.93598410635768,1.7622158653466578,0.5046166868695259,1.4790860030718527,0.016026200928295525,0.14649084500693182,41.21537694566503,0.8373320300022039,0.42190843616794715,95.9674000815264,2.4695879607821127,0.6071574997732097,129.82025679390887,4.923202102294268,0.7033530357849807,5.587814983860943,0.08324954570344557,0.2767561920704427,80.72684544222588,1.5307109422209924,0.7424958838313285,24.24253653424841,0.3283410842088608,0.5341250552794374,4.763281571892544,0.0838680945596234,0.3072933194871136,31.39903469144537,0.722956866932272,0.5439069030621467,26.945868112559786,0.6204235441904822,0.5532053886855672,84.94350870668664,317.09273813264093,210.34312155153725,344.2181970754309,165.58552974603396,0.0,133.5559284588635,116.83160945271237,146.90176917446814,0.0,136.63348627543937
87,0.4935259709871612,0.058636842385760106,0.11876709974192873,3.6488688004306264,0.4335296566241581,0.5482360856919694,42.67094370843935,0.8031403035087179,0.4155068537783211,34.35181222643376,0.5253299911170398,0.36437723178531584,5.050585615336676,0.047530339283262814,0.15115551074984193,113.3082429660526,2.7991101547628374,0.5244669007883108,139.3027374692364,2.785786068876945,0.5750424035381492,97.76332947675809,1.495059668673827,0.4566081114314515,16.238786288815756,0.26743656896857226,0.7243525085585494,2.7299194524032884,0.03211360218176844,0.11947071398289576,2.0143580122220874,0.03080485738836448,0.18242121438465614,39.603267094437406,0.7919889569870145,0.5676480367916067,79.3870663542499,1.587588209079659,0.6452091380531276,67.4771063215845,215.7901664842248,137.54418474814594,0.0,71.72309301907241,0.0,134.68630949040104,241.6967293549959,200.34180987156964,289.87710654681575,209.59151857958528
88,0.6338465263608473,0.10130498058774638,0.16822733546487514,1.277351027994611,0.2041535540751133,0.6315066975849319,91.95765956360253,2.4737860721616616,0.8744851988211045,5.567200913697803,0.07928749800166754,0.30482656466552893,16.021577626323182,0.20282457497808531,0.3481232859109059,54.33233900661462,1.4616137920470524,0.4861652481439159,32.60926341215465,0.9288354947871769,0.6426904116604628,82.30201402148651,1.9535612460132727,0.7227183508001475,11.86395916176221,0.2628348736100412,0.6750808472398113,49.74115306836707,0.7871203811286837,0.49194981564214524,28.378312578865856,0.5837880886438975,0.5261766760002144,32.5340721277308,0.8752107750699958,0.6307221407995983,20.32480082661972,0.5467647767783397,0.45850651548301746,53.50685189460783,134.8485297515851,106.89035227187807,118.15303688381472,155.633714336628,201.7546562267371,121.51586521948259,129.18265250022262,146.2237966231077,142.5957590857418,124.64409840157329
89,0.49030907525287826,0.06308576004565057,0.12713189621260343,3.1032258179070764,0.39927745415477967,0.5611184047738369,199.6186964769857,5.594534163798671,0.7403210801256199,17.307304668867662,0.2425281523276944,0.26484416495641333,0.4460046012217731,0.0022726856231254735,0.10177479698512878,141.07343159606955,4.852315475393676,0.8719409164535582,75.29354481409034,2.110184648082295,0.5516104214144467,3.345840123402263,0.021311559132188244,0.16098011620439973,18.08188016742725,0.3224865874490038,0.3712279709920995,18.886629658614417,0.24059937709636298,0.22484012259458241,17.197611084981403,0.2848075578437676,0.35227438753362245,4.042110060338145,0.08753809474888603,0.45220403268987475,20.878154679202584,0.4521484707759398,0.5237807968302589,97.30158693663121,247.96479362659102,176.22308403742718,219.7730514763927,196.32871309886585,109.836794824667,160.06354099186404,176.02025587292695,172.99162554850955,218.21162207377455,180.63586740037263
90,0.173534327845898,0.028442470764751777,0.1423391672782744,2.292415915994712,0.37572953709327145,0.7138009916069149,86.58703103469941,2.248191904977083,0.6892754106742789,63.832496332876296,1.346622076075574,0.47100195667284983,39.138361872991226,0.5716177451526676,0.5794937045178835,39.88919431324171,1.165167381470133,0.6206831479635937,101.34437327014435,3.6181191999262636,0.8177587672759621,15.12628734680532,0.27001356319601855,0.4170014442463182,71.86256730126287,1.6326433084559964,0.4907728331478309,11.312418821329269,0.183576051429911,0.2809807311162584,20.92099865077037,0.4413532331519458,0.4113357670481081,17.970489875799434,0.495757606202541,0.7222239343481089,13.3911792686103,0.3694267114763338,0.622046248223397,86.15813869525532,156.09636879176924,165.6804219733034,63.42854675088812,120.54822724219595,0.0,100.74976480011102,195.18637584390137,132.5333652136768,89.6249858810508,151.77828276126712
91,0.2793891997362303,0.04028586283137055,0.14704715691936432,0.8125728130309455,0.11716700902243425,0.5193476308046925,65.09026337708622,1.951448101482872,0.648607953314347,36.98649316104246,1.0560751751248887,0.5837346319141159,7.55719338104055,0.07552317817763442,0.2131318063590126,3.4376770577964493,0.06380138555629337,0.23935921538363128,142.83752743139934,4.078439287004563,0.6861398450461966,9.995975631920127,0.09989526675376004,0.21893559422534875,4.7306355820058,0.09455167174882813,0.32800346339436,21.296056217177515,0.3040330993411668,0.341583096700718,90.04144215686773,1.671119383964881,0.5096068651200926,86.10658447334811,2.089810785763989,0.8604469410734469,26.92163615752663,0.653389354095528,0.5102778993360496,56.675078112286414,112.84501526228655,93.65868531517391,143.2378246254592,168.93367929254305,163.0918147882496,183.5180568173227,319.20149133870535,213.71365394442282,130.93334295292783,97.96564731004446
92,0.4115547429385623,0.052512961761777645,0.13648459719712366,0.8262182475771439,0.10542259076425811,0.4567356080852482,53.61517749995042,0.7450715180425631,0.515199382852492,4.6646379442409796,0.0766088285780834,0.2630360689603463,1.6339054046625296,0.016513321067320876,0.15203864256732041,305.1726146878749,8.867290229671926,0.8690376654121146,79.12871668948488,1.8993510970391811,0.6448890793453252,3.8200592850735404,0.05791204186969014,0.23358090331970913,50.23108587789813,0.888419599455416,0.593630786375226,6.467599352235178,0.08170725821510688,0.28521050526425196,0.1353979743775168,0.002223683881342421,0.23093733197244917,24.041298935180944,0.5163264562322811,0.5602349987697179,10.522790398306729,0.22599423977387914,0.4037811972029322,91.24278758392727,198.71596962471335,160.92028744047445,154.16036239833366,183.9740618284107,0.0,148.9101107525633,227.4737710531453,188.71355568856777,227.0035435151548,143.72665995946124
93,0.5070868234345147,0.05619045096741291,0.10372026694574356,2.823825556465748,0.3129090012562849,0.5103409376877802,35.94380078935514,0.2760456176063445,0.3629408443838009,3.8883541028264057,0.03839433375728044,0.1440455077253621,0.0,0.0,0.09920336096342298,252.505345644726,9.142044582177187,0.8997173343815503,188.0852355167706,4.746148903864368,0.6863073440195202,40.59850193913607,0.5790448177526005,0.36699376446339993,8.313142178302643,0.1276885814222807,0.34956514879329886,2.3848971610355223,0.026165466060428338,0.08989810867894205,12.505125971520167,0.17835703396168948,0.22362522452732383,15.145478890192233,0.2824819806011776,0.48866307509923057,29.08744390081567,0.5425169334889063,0.4545316976563092,148.4272067512428,178.09025509533438,126.119937896881,96.70133087027658,167.2448711389431,324.62410627544637,172.05005294094585,399.9864784961295,249.90947150531565,0.0,236.08167068020492
94,0.3560902247660018,0.046181731728408316,0.1312107705512303,1.485803241976709,0.19269545174192335,0.5708961242310208,117.65006994063963,3.02141912521837,0.6207144209290231,24.99228714207609,0.4171940854338328,0.40199821161214,0.0,0.0,0.053798601389097464,49.335785799626635,1.4570641553809613,0.5794139963858396,144.35596608613213,3.521900863658429,0.6200610948110173,6.680015535502255,0.08577609306099754,0.23494065712381432,15.007508207687264,0.269789730175421,0.36347924366313394,87.51070713636588,1.123698967355506,0.5383942390945033,25.521806160976862,0.4260333005706583,0.4975030682535107,11.634651293439264,0.25397506570402795,0.7167198786850718,108.19173196526103,2.3617383573845903,0.7313899084654398,102.29067081335263,186.54143994313742,125.48459554320583,313.2746462243754,186.4873728375688,316.5117320719864,91.81694784848304,214.64843107829893,126.56477098908684,430.1625259312318,210.3831388323929
95,0.40039059369622915,0.06420798735247879,0.13211938315667304,0.9228687075612895,0.14799434161545286,0.6305046162045858,37.56443337268024,0.8946474290886177,0.5299560255360453,68.72372619862192,1.745864356346614,0.837463319634884,3.97478469772066,0.018932967127265592,0.1529972568671407,87.95645072493222,2.932721396992232,0.6863022601167049,79.27827108107634,2.895115025671675,0.6276594349990224,1.3682117840640549,0.0238962541545497,0.1863221499877517,81.04650908324413,1.801549360552513,0.758504377468618,72.7197650408486,1.1546125771377336,0.5907678813370955,62.936764838760546,1.2990671005095467,0.5359521819118737,8.367412632509684,0.22585199166813708,0.49089815842158285,13.802425439424857,0.37255307133216825,0.632024060965961,88.07477429771122,228.64830465860584,158.42804472828976,121.26826896516582,165.058482827259,245.84793574597444,158.1518837233629,61.8203551453417,106.23364120199751,304.9357953134103,110.89075439316298
96,0.4612931031043059,0.05819199366902111,0.12107265916084727,2.688858160343552,0.33919869165749755,0.5296174299933597,80.23361544128939,1.7036100177998337,0.4072537070023373,30.476735039013285,0.38065657933236385,0.38451175197140663,4.050466090628975,0.03541342585912817,0.3273466062623189,106.4083749015556,2.9239059069510254,0.603926929998376,211.48100054717293,7.395955493436644,0.8678769407717829,0.2415840222017541,0.0018104409293506305,0.06262693283637963,2.868060163918097,0.050151184432535564,0.3846173681094601,25.004645051239073,0.3123097877919126,0.35306539784946284,7.440092821109967,0.12080547222153809,0.42284954990460205,49.0863526413457,1.0422564362470164,0.5343681054043238,10.75008596905988,0.22825786982640714,0.5001068682683687,133.01076644514902,161.98194287324216,214.72459133616456,198.0437710621478,141.1264884567811,0.0,151.94507558138827,101.86584625944273,188.90143621171373,232.61524172393467,156.47744211734764
97,0.5214352911782678,0.08393347722218168,0.15047555863182327,1.7156427903549798,0.2761605658494438,0.6475123768562622,26.185925669682984,0.5842643489012173,0.44070431263053245,57.04941609068218,1.3638163206943958,0.4704174829080484,7.575762897540574,0.1328105207533211,0.3624432066955981,147.2615325258544,4.69388809986509,0.8842499914761329,81.6994846148186,2.6041304339358273,0.7852352234393072,1.4297599835798376,0.02050779973469787,0.24002149105093598,33.83053992142235,0.7548321426364821,0.6628795207638163,21.10574181846467,0.3363675111255655,0.5215419487669881,5.145384235175542,0.10660426603406671,0.30575447055334937,32.257985179746726,0.8739761473290104,0.6803478719529135,47.59114971381592,1.2894025910816527,0.5461604052728057,65.51115550909427,232.02939584399286,146.1727986161275,139.28602895675982,106.26365970816032,75.7102455332053,119.51104976771266,103.619223243137,162.37379107833848,0.0,169.17290176761398
98,0.3894430904287262,0.05384629232915752,0.1421224264528575,1.9043622102055893,0.26330636437391747,0.5402874861333884,89.97353979863152,2.2170614990000033,0.48148313219193667,42.11917975627694,0.691913141101233,0.43615061209242556,10.383158559911998,0.15635529713628132,0.27503736543663093,38.20802472134065,1.203020007202224,0.6455075803164864,116.21438290898426,2.7045762487637384,0.7424510097805684,17.737547886993493,0.16997382549268714,0.1716855805676196,68.33730950534496,1.3097136080482301,0.8558435842526881,14.944413961577188,0.20458289362680449,0.5080127362040622,6.6067278744195574,0.11757641097585511,0.24994007373136665,5.824856544206919,0.1355578222555805,0.34789296362349503,7.717897853180385,0.17961325183341503,0.3647965013038945,69.50807379331118,271.42143567120814,171.81947268380898,111.40512497315548,142.33403031247977,0.0,85.97846733753454,75.36164322908189,114.14323810836117,138.30795928992563,119.18859869982384
99,0.6946078000776664,0.09116066317975031,0.1300814584262568,4.942688119472946,0.6486807761321509,0.5975433416159868,182.90535894772782,5.228722062836313,0.7324883150485355,102.51291229606043,1.9980956619453407,0.7797207025042755,15.03516304184562,0.1172211124537807,0.14797326696608706,43.18714887978653,0.7856498207821525,0.3337761589738036,83.27863096479426,2.9217549435069037,0.7343771596466692,2.3035452718212275,0.020952759986628558,0.17488119377855887,20.410208839906634,0.37129741909645186,0.5204187131410768,22.630515833615075,0.29406334936709144,0.42437147648644186,1.6192721856728904,0.027353295335550417,0.23075090989813282,4.36046268638745,0.09632254350808708,0.3609202407182507,6.510234863643396,0.14381097282606967,0.53873210576812,111.29036622563386,159.36901266964495,173.9731332698727,112.17024202808233,163.89822332634944,72.13651672988452,90.35758465458285,136.83259422804156,198.24032618107617,187.62672526097782,145.500472758725
