,q_flow_station_wait_time_avg,q_flow_station_queue_length_avg,q_flow_station_busy_avg,secretary_station_wait_time_avg,secretary_station_queue_length_avg,secretary_station_busy_avg,general_nurse_station_wait_time_avg,general_nurse_station_queue_length_avg,general_nurse_station_busy_avg,transplant_nurse_station_wait_time_avg,transplant_nurse_station_queue_length_avg,transplant_nurse_station_busy_avg,leukemia_doctor_1_wait_time_avg,leukemia_doctor_1_queue_length_avg,leukemia_doctor_1_busy_avg,leukemia_doctor_2_wait_time_avg,leukemia_doctor_2_queue_length_avg,leukemia_doctor_2_busy_avg,transplant_doctor_1_wait_time_avg,transplant_doctor_1_queue_length_avg,transplant_doctor_1_busy_avg,transplant_doctor_2_wait_time_avg,transplant_doctor_2_queue_length_avg,transplant_doctor_2_busy_avg,transplant_doctor_3_wait_time_avg,transplant_doctor_3_queue_length_avg,transplant_doctor_3_busy_avg,other_patients_total_processing_time_avg,leukemia_doctor_1_complex_patients_total_processing_time_avg,leukemia_doctor_1_regular_patients_total_processing_time_avg,leukemia_doctor_2_complex_patients_total_processing_time_avg,leukemia_doctor_2_regular_patients_total_processing_time_avg,transplant_doctor_1_complex_patients_total_processing_time_avg,transplant_doctor_1_regular_patients_total_processing_time_avg,transplant_doctor_2_complex_patients_total_processing_time_avg,transplant_doctor_2_regular_patients_total_processing_time_avg,transplant_doctor_3_complex_patients_total_processing_time_avg,transplant_doctor_3_regular_patients_total_processing_time_avg,leukemia_doctor_1_scheduled_vs_actual_time_diff_avg,leukemia_doctor_2_scheduled_vs_actual_time_diff_avg,transplant_doctor_1_scheduled_vs_actual_time_diff_avg,transplant_doctor_2_scheduled_vs_actual_time_diff_avg,transplant_doctor_3_scheduled_vs_actual_time_diff_avg,general_nurse_station_scheduled_vs_actual_time_diff_avg,transplant_nurse_station_scheduled_vs_actual_time_diff_avg
0,0.201381082,0.022734979,0.108214787,1.770236792,0.199851424,0.413605875,60.74884611,5.264926541,4.436318475,76.40518788,1.045549948,0.90771873,112.5955196,6.683390458,0.631239861,64.70442853,2.49842202,0.48437135,66.07702719,2.432127601,0.577271361,202.7514175,9.072034359,0.911353725,270.533836,11.52751138,0.854099538,122.3149185,297.3351482,284.2140013,280.0701717,185.9582903,0,210.2363271,479.9585366,342.224733,326.6988311,465.042187,148.4833857,69.52980103,71.00202251,243.7223567,316.6559998,67.30278247,77.92808069
1,0.372881976,0.039788217,0.105348968,1.855190119,0.197957292,0.432069126,63.22256248,5.231698324,4.360384431,16.36566986,0.160373757,0.72772074,110.1728976,6.728525712,0.575625356,33.29071672,3.64733315,0.285407634,79.20386252,3.238425908,0.563676993,293.1184019,11.81757581,0.898050005,166.3445888,7.586145773,0.863129571,114.6619927,248.2365146,308.0200933,226.4562501,208.0631642,217.0765215,265.7814616,389.2007059,466.1723271,328.6566437,326.907613,130.7855431,73.88083479,122.173423,312.2847461,188.5379044,71.51792354,20.45776462
2,0.371952281,0.035548506,0.093061029,3.967190267,0.379155324,0.437088678,58.51689544,4.47409697,4.121641826,7.888542874,0.079361033,0.605487803,68.81258064,4.277914797,0.557112078,38.64682069,2.570835245,0.197012148,217.438593,6.914457682,0.848912652,297.4516124,10.81209661,0.863117181,192.4328009,6.691038901,0.652432405,114.2116736,243.0817474,278.4998841,95.85449412,191.5548283,305.2065919,382.159646,451.9259858,474.6152542,287.499033,364.1186477,126.6045548,47.26802208,227.9589954,320.870737,219.5151367,67.62503931,22.80723432
3,0.128253976,0.012441774,0.085810823,1.746021039,0.169379543,0.36794378,61.15453681,4.985852241,4.30423146,21.40156485,0.154606305,0.815427748,104.9608829,3.800364452,0.637565785,49.29943174,4.252323516,0.313713061,151.4066397,5.211415932,0.668679132,319.1636104,10.37073104,0.918743443,108.0031611,4.902517563,0.602786283,125.8556219,377.7726973,293.5782292,307.3795321,174.9310227,402.4599557,317.2319521,479.0934913,450.6267211,0,273.1668087,179.8725051,44.50329867,187.8606718,313.1722924,137.385335,68.47805935,27.92543545
4,0.677048194,0.060909684,0.098860249,2.877893586,0.258905629,0.349681079,37.26085582,2.626403478,4.284388155,87.36037599,0.648185794,0.806318735,77.02590719,5.665202964,0.56606273,40.85140861,3.455538453,0.164610929,190.8261376,6.55048435,0.789912477,331.5199994,11.01341984,0.894272176,192.1177149,6.752472544,0.677498498,80.19012508,290.6925561,201.8061385,0,193.7976774,0,377.3373047,544.6953782,467.8994847,0,332.2634472,107.341655,56.69692151,234.5007992,336.3616783,191.0091678,46.1075968,92.16954271
5,0.282237265,0.030542504,0.105668157,2.520133979,0.272718068,0.505091114,69.78721044,5.917087327,4.439927404,44.36252729,0.445427818,0.78953981,73.09668929,5.576200409,0.529294288,131.5734138,5.144324608,0.394767804,62.54943032,2.515535724,0.388945843,146.64522,7.304352361,0.761518149,122.0993247,5.752719518,0.872464805,139.1869368,286.0141542,243.5850098,331.4919928,293.5829233,176.2006148,241.5610179,470.5007595,327.6723397,362.6477638,312.095822,116.4095916,171.8430112,107.2761381,200.1489633,181.0052222,80.26794649,59.67568499
6,0.399794305,0.034946033,0.091035698,1.298185767,0.113474458,0.291068162,13.23299789,0.894353158,3.947628621,89.40823915,0.966826012,0.863689541,301.4404863,9.359795864,0.849747269,199.3340963,4.975411363,0.375031065,88.20862729,2.353023252,0.39400044,359.2555969,12.72332015,0.941813005,142.5593966,5.182770142,0.604429562,66.60316428,556.2987363,472.2700523,270.2656738,324.5591122,184.2557226,186.6132463,615.0182996,561.0051335,0,255.1999215,349.9916787,170.4853889,55.45061653,431.3901651,117.3114762,20.09509646,96.32198403
7,0.899544692,0.083358928,0.109973429,1.508505707,0.139790074,0.323248703,59.80005323,4.199908608,4.060758116,61.11319742,0.6557427,0.917647613,55.04253924,4.614996729,0.367528829,54.84896456,3.498594587,0.295001943,241.7738329,5.467368831,0.685254513,175.8534688,7.019147178,0.840619467,196.3614556,7.655700905,0.752890338,117.4994786,231.0020708,178.8892687,0,193.4991297,497.0577409,374.8236163,503.837124,336.2458506,309.0112079,389.2736147,63.2092827,60.75240551,251.7018148,228.0817144,238.4681457,68.49423731,66.58725558
8,0.41550978,0.031055929,0.080524775,4.621697448,0.345433764,0.33323115,83.65674943,4.965341308,4.402165627,217.7266778,2.074044643,0.944020546,123.4000422,2.632888552,0.474991492,113.6672702,3.116887934,0.343836786,51.62466154,2.394660719,0.290914102,365.5063624,10.84295419,0.885928937,204.7943706,6.477517683,0.607269859,116.6916357,339.1927386,311.2032315,322.5013038,350.4922678,397.3093636,219.4250447,771.9359179,554.3434315,627.0086614,394.4745101,192.4974114,213.2680574,105.8395872,474.1181823,289.3472182,95.18315723,220.7441228
9,0.469633004,0.049059246,0.100118122,2.73443795,0.285647436,0.443821133,46.16537751,3.848314392,3.894808069,78.10280689,0.741713552,0.675443374,110.2583366,5.692677455,0.666143722,111.5070205,3.965406626,0.445227541,64.88991013,2.308713502,0.440240041,177.5244737,7.974849159,0.872078186,251.4439834,10.13235644,0.779546956,95.16203879,301.0120664,247.7715005,371.5862752,253.3964495,0,195.8081764,464.7670004,289.4051822,540.3587736,407.3807253,132.3761925,139.0740416,56.50203845,185.0673304,283.3578887,54.68419526,83.88039671
10,1.088448176,0.101694247,0.107938257,7.203292448,0.673007145,0.420011423,38.32831874,2.902521978,4.408382838,117.0392429,1.266161813,0.86301251,156.5353656,5.560812558,0.761662508,58.46312973,2.373367787,0.379835892,127.6404526,3.140744423,0.537888249,91.18107033,4.469802233,0.627675631,259.2867568,9.767588077,0.873990673,96.99944286,306.2387323,327.7838855,0,220.3372216,406.3473135,272.3624037,505.0232393,242.7903836,181.6770467,462.4388656,180.5541721,75.47060762,140.79468,150.5108219,303.2997308,54.22644535,125.8043808
11,1.057789811,0.100471233,0.109009388,1.833502934,0.174150193,0.400434128,18.8925483,1.383226749,4.178342336,87.59517268,1.039998079,0.92105076,88.17508753,4.5960752,0.448523702,45.26651058,3.865637983,0.306978865,300.3136862,8.53151384,0.899042818,169.7186957,6.372254018,0.548944906,157.6556255,7.08125217,0.599113143,71.94952022,240.527406,154.4587663,0,148.3306595,627.5224082,460.6325903,235.7029936,358.5007849,426.9601297,290.3913391,57.1512134,14.68866958,316.8054094,210.6468438,163.954895,27.01354631,91.58151216
12,0.344657222,0.031752356,0.101276489,3.787504307,0.348932729,0.414233625,45.39766234,3.304069339,4.340936565,111.2666696,0.717549226,0.762055149,111.2318447,7.187900406,0.607486712,83.31477996,4.102493859,0.440217354,224.0911775,7.176419849,0.937497599,211.0335941,7.469279511,0.75163763,132.9002518,4.919471697,0.533519857,118.0032039,396.9651981,332.0441622,257.5568277,195.0870041,646.0594417,375.544975,615.1492977,337.3417047,0,272.407437,202.9930165,79.75841867,258.949932,246.1795406,138.049821,55.14624509,124.5268757
13,0.660677278,0.068749436,0.103831635,0.964618361,0.10037725,0.357383549,47.49726306,4.015796738,4.343132059,167.4357142,1.633424793,0.920370495,216.396908,7.723785588,0.885473564,30.72489029,3.188028071,0.385990506,199.2517955,6.03716002,0.901739549,125.9416114,5.805143722,0.78154926,111.6193513,5.102515207,0.763885705,108.0739066,434.5832596,307.3673754,0,205.986168,504.4417931,349.5507918,460.5469003,297.6609476,405.6018564,327.8457689,224.5940954,66.23662867,217.2829843,181.7206076,196.2397979,53.31359503,180.5648543
14,0.466897284,0.053469517,0.117276874,2.010968813,0.230298045,0.492064628,26.40604849,2.525233932,4.002126796,38.92781558,0.413633519,0.79867464,190.6875855,7.888029673,0.84799964,129.1088098,5.579075825,0.523130492,121.2158085,4.261612106,0.675935725,184.240374,8.084543019,0.789875855,187.9619308,9.59473865,0.89354958,97.78970703,279.3702295,367.1564538,199.5071791,240.3708006,377.1862781,257.5753323,0,340.6397094,0,338.6476926,199.9232617,92.31501717,135.356791,203.4558071,198.859283,33.49376446,50.46907391
15,0.356966685,0.032807603,0.09261663,1.348894359,0.123972326,0.291700085,23.42169063,1.569610371,4.312072165,9.962604527,0.095378057,0.733700952,179.0449268,6.338924156,0.608805267,85.46944496,4.625209399,0.24359791,133.3226598,4.900568667,0.568710608,264.0171083,9.81714442,0.743671353,105.5432788,3.779271442,0.504599794,51.91152675,237.9176439,325.1270625,139.2808977,221.9063983,0,327.5277121,352.389171,378.8476433,0,224.6002927,149.2938064,73.52619211,186.0182402,234.2668848,94.98318892,31.41061316,10.79970884
16,0.281556299,0.028485361,0.094353472,1.837603359,0.185912359,0.406308021,54.83414742,4.202750897,4.201734527,41.68592798,0.553801486,0.900920144,84.59775541,4.816014249,0.451520389,43.13105771,4.384255781,0.353928498,108.1976104,3.63059575,0.555996066,244.7802154,10.12704938,0.87596753,158.7676663,6.639734402,0.726551741,89.73266952,345.9041544,254.5256158,158.0664688,213.5170977,335.3997473,280.9265859,358.5808919,422.3542708,0,310.3367976,138.4786525,57.10584921,153.585344,260.0572564,172.9009495,61.54865624,44.51545201
17,0.590254221,0.046884901,0.090011796,2.776969801,0.220579455,0.319814389,34.03763917,2.062591952,3.945044834,22.70577054,0.185933829,0.785540976,103.7821108,5.633194359,0.595205758,24.20211429,3.024746208,0.090906848,54.35235287,2.761291606,0.263043808,331.0969594,11.37489336,0.924099579,262.2489907,8.093505,0.716472795,86.00944742,288.9417374,255.61466,0,111.6984999,179.0585123,174.0473454,589.3053471,441.5904584,447.5609241,402.4269307,121.0988862,-21.92553828,38.9568564,342.5608398,263.3997802,40.82507205,30.43107339
18,0.713761892,0.062273329,0.093245665,8.455209544,0.737688648,0.374001085,60.23996745,4.388809581,4.396209169,94.19484648,0.847235478,0.962883909,83.75385022,4.3572207,0.451354516,147.4153635,3.816897236,0.550885392,105.6237374,2.852708938,0.529972562,267.6833866,9.489058943,0.905461733,115.3769708,4.228521013,0.514442602,123.9201991,277.8415249,284.9736595,484.8402054,271.3802289,332.6393398,261.8637089,518.5822812,490.1900011,0,276.085536,143.4668283,189.390427,144.6680582,348.6110507,139.7690012,75.24011373,105.3583442
19,0.23408165,0.025725871,0.105780428,2.691420458,0.295790532,0.432779959,28.12916037,2.367904215,4.279293422,64.18973632,1.050675227,0.854432263,57.44556566,4.860315755,0.477836125,31.21186721,1.907204009,0.186774907,96.93497787,3.714159424,0.537717103,189.6623619,8.658722286,0.922185813,151.4387855,7.326865198,0.774699832,86.07197312,250.7133887,121.2597888,206.1351186,131.62009,256.9624697,228.8145484,377.2048826,315.7854677,455.1328836,252.6899678,88.10532516,11.77060923,100.7962019,190.0158327,150.0080387,37.88027954,70.12582198
20,0.261142546,0.031675346,0.11544283,2.673173556,0.324243211,0.479608857,36.06413867,3.443682992,3.899285837,64.43961836,0.66521009,0.89392224,59.53721227,6.95970191,0.517189797,272.5607807,6.999545575,0.84068185,30.35559802,2.478869209,0.440859393,88.5911523,4.706116804,0.758763276,172.8659636,9.529117872,0.674371898,88.46035714,240.1720574,193.2103945,469.8803574,415.7090583,162.1627713,158.8726807,332.9571818,214.1572575,514.2780652,338.0729814,71.35827145,273.1120102,30.96340657,113.1039407,209.4325103,44.82673187,74.10887843
21,0.560121148,0.059015648,0.116642533,4.15607533,0.43789362,0.419819876,47.34038153,3.840676127,4.072033342,48.49184946,0.459829114,0.787296914,207.6114081,8.472276479,0.876667692,66.81049079,3.362390329,0.384305393,91.30939063,2.848035253,0.631069253,109.2566202,4.704703218,0.713587254,148.7141009,6.303380318,0.696199541,94.84828386,270.0304364,424.237605,264.5300492,201.6650415,0,221.88584,253.8710575,248.2315826,0,303.0178395,227.3724062,75.1395409,88.63103399,111.1905578,163.935304,60.51496805,49.4687525
22,0.737493395,0.075124116,0.095655451,3.806573014,0.387753213,0.435828941,54.68882286,4.594498026,4.46272256,127.82505,1.073879285,0.844142152,79.12846312,4.269914731,0.515042159,83.44683391,3.304212536,0.366410002,78.26895518,3.576785056,0.444637342,177.7148909,7.435645379,0.900885288,191.5507829,9.212101285,0.81233486,120.6261075,318.9006162,270.5905856,299.364437,183.0439464,388.6770721,215.5645178,402.0651254,373.3191534,183.9203152,385.1370586,138.4885441,64.47365828,89.86282783,238.3516415,236.2811504,62.61407816,135.2875839
23,0.300564938,0.024589906,0.073546941,2.92331602,0.239163175,0.363627256,50.34293987,3.320153269,4.330396474,146.8204644,1.225685537,0.960184946,120.8731139,4.672187316,0.474630306,63.73583159,2.822111285,0.220613308,64.49534757,2.164714895,0.411096266,225.9584602,7.266773838,0.848364852,199.2232406,6.430663487,0.581053477,90.99684272,316.7858193,262.8930388,254.049442,201.4847345,0,254.5300214,616.2198959,352.8601679,529.0157462,313.3638088,147.2950596,73.5723889,118.9533456,281.4878487,216.5485451,60.86384222,155.5614599
24,0.328921794,0.031311112,0.095507208,4.601542022,0.438035421,0.35621034,28.49432324,2.175623175,4.142966905,9.241519546,0.064146953,0.699176776,184.1073873,7.260257379,0.908632931,51.96366394,5.827720295,0.081133508,93.24212258,3.445390992,0.532407233,198.0702505,7.419057354,0.786278497,176.5344104,6.909959669,0.663850723,90.32028442,492.5468526,223.817104,353.2718887,145.841616,0,246.09826,390.0499485,327.7114596,0,302.9082473,188.5471957,70.1725632,109.0676191,201.2425444,164.7770956,39.18114301,13.86506005
25,0.259716027,0.018848606,0.064369157,1.849585591,0.134231645,0.295815002,13.819117,0.712064152,4.177739475,52.20505046,0.340985184,0.774781766,81.89438341,6.30481322,0.394619281,90.2299959,6.851974507,0.188323908,86.18053787,2.21123898,0.345388278,405.0593845,11.05393649,0.935791358,367.3524652,9.755254064,0.718206907,91.39220076,318.8183055,183.9190914,0,225.7687235,0,210.3369146,681.5306001,481.0088776,563.2266777,487.7466199,76.48231497,72.28395335,73.27693889,369.6536468,343.7852607,20.68744947,58.38709689
26,0.3108849,0.031780523,0.110404154,1.611789823,0.164766844,0.41493837,45.2662927,3.131669692,4.202715278,101.8784781,1.893569166,0.907163863,62.84213466,4.400943255,0.421784869,41.24970783,5.802564238,0.170683407,139.6459561,4.032405879,0.60916086,165.4480668,7.609499551,0.913040801,121.3135116,6.114788035,0.775338855,96.78544793,231.5582225,284.6345737,177.0830898,173.0689041,289.8877374,249.7747921,482.0955064,265.3589134,495.2119835,292.7675618,114.0009893,41.71727492,127.2829171,217.0042808,170.8664363,52.86432847,110.4975517
27,0.402036737,0.040654343,0.096721887,0.740112499,0.07484089,0.345733167,34.61842366,2.923221864,4.380754366,28.23493333,0.176606827,0.864635674,134.2309313,5.581069149,0.565275961,52.14355097,5.361724816,0.484283698,68.42062854,2.556826295,0.428176814,234.1191561,8.984373866,0.92989846,75.6028867,4.121760798,0.65753188,97.5022356,377.834056,190.888899,346.8444488,188.4279372,194.2737321,197.5656397,381.7187853,363.7127449,0,235.3696205,125.0643416,111.5879287,69.19275134,219.6431005,101.9000849,40.30273619,31.10258184
28,0.539172995,0.043331904,0.086262098,1.480218824,0.118961263,0.292160701,40.89339161,2.663789461,4.299150998,80.3778455,0.611976732,0.849142055,307.1190029,8.60165495,0.85064933,64.9288286,2.896757505,0.256190344,138.204999,3.811888204,0.628923945,238.7013215,7.606003918,0.732090396,150.5517501,4.413541102,0.493137133,91.84786177,536.7129677,422.8649783,268.0499964,166.1618972,456.1617289,268.7423474,408.370142,383.655659,241.6994092,290.7673518,331.324342,53.95393915,190.997121,239.343555,152.8062392,48.4543084,88.06132012
29,0.345091477,0.036841852,0.107184911,3.147038547,0.335976794,0.512467019,31.9306412,2.635751046,4.151071037,14.97973002,0.181356095,0.719601904,56.1567031,5.539214977,0.309194931,143.7370112,5.772566005,0.487907018,85.8220515,3.053095232,0.576202997,222.084288,9.217087531,0.851297941,150.5781304,6.954483027,0.651528617,82.5203751,152.6974799,192.4445428,0,321.5032668,0,206.3734873,366.68024,335.1861711,0,297.2035124,38.32639881,177.8993832,66.85985664,209.6848699,157.7659171,40.95704816,21.91584248
30,0.586886454,0.050740381,0.102224347,2.163873197,0.18708176,0.324290119,65.01059397,4.358843626,4.243142926,79.24558962,0.769026577,0.800607627,85.3339411,5.109548237,0.512345919,64.88456977,3.874043117,0.246626313,101.5324315,3.195658195,0.537900914,249.4873681,9.208535117,0.875873501,162.4113472,5.865137244,0.617891527,126.9911853,300.7463934,302.2551871,285.0667828,236.4888855,198.5400681,304.0156316,455.4581195,464.4184781,0,352.4417645,157.6393295,111.3854723,149.6988707,315.1873154,217.4077538,72.8200674,86.03794224
31,0.474892836,0.052278855,0.111984032,1.871023869,0.205972756,0.466068964,20.33121718,1.701012184,4.319598175,5.948937197,0.045842456,0.820204727,51.79574785,5.264249834,0.484912635,35.78244937,3.912777454,0.298827094,153.9849426,5.096882666,0.609433361,175.9074419,9.510670948,0.893669585,236.2051538,10.23363936,0.833574543,67.32313369,208.3550376,140.2587012,165.1047618,186.2499515,119.3441657,276.786169,407.4846116,326.3123504,369.1762569,383.9619099,32.46109381,51.25759135,126.41537,204.8414034,242.5903835,29.53476668,20.98692905
32,1.163330039,0.111520321,0.106654701,3.37719058,0.323747661,0.426771956,40.36146062,3.056645235,4.196380932,0,0,0.180368162,150.2657206,7.239282245,0.771605992,124.9767819,4.679935591,0.458630091,37.1790112,2.375298054,0.298884559,387.5011966,13.22519697,0.958886644,253.2356025,9.91741875,0.86120098,80.02492745,421.7670433,242.8115156,309.5527589,237.7442829,84.10668102,156.089415,378.7440113,532.3350942,0,377.9017283,168.9757777,99.71656846,16.29290472,373.8340441,230.9652481,48.11818444,11.60546962
33,0.352615294,0.03284215,0.084752683,1.180440881,0.109944795,0.325377012,18.2828282,1.290573379,3.945403973,22.3048673,0.240546563,0.659278607,309.961717,10.99519478,0.824035632,124.1757148,3.850224913,0.352150081,112.4145174,3.526986669,0.488563383,175.2729377,6.288104536,0.708788687,234.7758607,9.205790568,0.710467788,71.71265806,464.6293577,492.711963,79.00496953,268.0989566,289.2909881,238.4171685,436.5103521,250.6562117,0,378.8072953,331.0470593,100.3272662,108.2099133,139.4630799,235.3718501,25.22103693,24.3514352
34,0.551121572,0.06832509,0.114549496,3.37832518,0.418826594,0.508329484,90.86834293,9.270459623,4.328914073,15.33973555,0.178287933,0.686711534,104.2889687,5.633749382,0.769208075,100.2698667,4.800317904,0.560277378,165.2437678,5.516116091,0.687964748,171.8350633,8.092692675,0.805336001,155.3768081,8.308823341,0.84862419,130.6522679,329.0079659,313.3307603,269.3555386,361.0856519,264.8282229,358.441039,169.8527203,381.8186029,0,329.9417283,177.1690996,206.8756438,193.0518681,218.9988031,192.9833827,99.9922691,24.84965822
35,0.554399263,0.049466992,0.092373879,2.852365445,0.254506,0.354447371,76.35905918,5.299183489,4.35727523,77.93544082,0.702413193,0.853786867,230.9490452,7.596775836,0.701848986,118.2605815,4.49064867,0.444089742,82.11953143,2.400348169,0.588881555,116.1009596,4.604685364,0.629899798,234.4491851,8.736088136,0.912215521,126.5739304,499.3640949,306.220199,330.6768911,278.501879,484.8939786,253.7649971,332.8541078,347.8805069,279.1547148,425.714897,260.1181176,149.9371412,128.1867402,202.149727,266.8007813,85.835224,83.9067204
36,0.932396994,0.097991377,0.117820766,2.55787717,0.268823159,0.425913023,26.75041841,2.313520922,4.079584822,58.1872818,0.509605161,0.739912284,154.8457322,7.452991553,0.883158269,43.93799632,3.729210218,0.208310738,78.81336003,2.371935412,0.433927164,296.7997177,10.2966853,0.872850284,236.4008626,10.74949013,0.775993825,84.78013506,394.9503962,299.0180099,205.0608352,169.9730497,0,184.1073449,449.4529498,403.0526315,617.9387587,354.0567052,175.2001738,43.45255256,46.71651715,264.7135637,232.7810627,36.23143338,65.06560454
37,0.429975985,0.053309045,0.114968986,1.623194497,0.201246003,0.464346322,69.33015363,7.355043106,4.270503034,0,0,0.318825066,96.6208413,5.490418828,0.801677235,107.670984,5.103468798,0.673120906,50.65126088,2.369102549,0.567594621,139.4344517,7.72560743,0.818225848,71.70559833,4.789685135,0.798582529,118.2841824,314.2480188,279.2691145,311.6808233,253.1872899,0,211.0221985,162.4366768,368.0848381,0,267.5846371,155.8899924,114.3937042,74.61119186,201.1498391,129.0471156,76.80790679,2.324084662
38,0.816566004,0.075517421,0.122699806,3.329214175,0.307891424,0.348758062,48.99583827,3.560243474,4.233012543,62.68937325,0.709912716,0.905390754,146.7767743,6.024429248,0.535872022,94.46601708,3.170288802,0.4328302,169.1710621,4.442999851,0.655780885,331.5119385,12.83832035,0.869587671,311.6389705,10.59074818,0.931403093,114.4426109,301.224387,294.7056203,333.8572653,220.1687523,395.9981357,334.2767599,446.4842648,518.378626,587.3942315,438.7875297,151.8332677,95.43681125,199.3300509,353.9186349,307.2246691,59.11161226,66.52549021
39,0.594400702,0.069131465,0.110799588,6.42082784,0.746771044,0.549073339,44.35074759,3.907720183,4.217149806,29.57614636,0.382204258,0.940385652,148.4630089,7.529302873,0.711692751,36.74779101,4.93867707,0.506623165,161.0655781,7.00251907,0.763936224,153.5172151,7.080079063,0.894621801,166.4039216,6.882578808,0.665139784,90.96937791,306.7525234,302.4938478,393.1243017,219.6302219,339.796113,338.8990837,420.0793132,238.3803063,0,323.339106,150.2579445,143.6001689,200.6280981,147.4410356,188.0527313,55.64672836,40.8374116
40,0.477295658,0.035780918,0.08417078,1.447873409,0.108541192,0.266972118,57.70988556,3.495980494,4.332875259,169.7868015,1.799951335,0.904474561,88.41734518,2.286969034,0.481109486,51.44486592,2.559132224,0.242614865,90.70707573,2.679487994,0.44977963,95.56651623,3.785476975,0.680494657,133.2174776,4.388278583,0.506417754,119.3363578,333.7152299,168.7559521,0,176.9616848,343.5128323,286.6353571,508.8460266,258.2048493,507.3431597,329.4014149,97.58898531,40.79013255,152.8055246,211.7746639,205.7323467,65.6985432,173.9449127
41,0.468486028,0.049093775,0.108572489,4.017634085,0.421017514,0.416843413,30.17565942,2.503392295,4.257449929,137.5649677,1.801970373,0.917809448,40.8878888,5.510908991,0.490760135,61.51296879,4.007318087,0.422962743,89.34215114,3.454177321,0.428136398,83.7320272,4.23805888,0.675309103,75.04882643,3.631831926,0.585076615,98.74985989,254.4807503,187.2427105,327.9721281,233.3282629,0,193.4295415,459.5950224,231.5178218,0,230.4591866,70.0974586,121.3845803,56.14372001,177.8228891,97.75755587,41.3598645,148.2365601
42,0.483766384,0.055285091,0.11484002,3.799540712,0.43421362,0.514392929,66.05771129,5.836942177,4.327614797,57.43841819,0.879723976,0.856101853,67.53002198,5.904553639,0.650639417,118.8317402,3.393680615,0.747243714,45.67648285,2.080316232,0.694894947,168.3711017,7.621150304,0.775087227,213.9846266,9.764627022,0.85689124,130.175247,295.5658912,279.4450307,358.5838976,294.2796801,415.0885087,185.2322266,369.2933678,308.6128261,0,389.876743,145.7036585,159.0337298,59.87785514,190.5037818,250.872409,76.60247121,68.51990439
43,0.549592515,0.047316387,0.086940284,1.086874849,0.093572947,0.298765908,73.83663222,5.254139388,4.124099017,7.299647425,0.057715051,0.83394824,97.62071658,5.81464981,0.504238618,34.70591596,2.155621506,0.314678161,57.2559015,2.231923699,0.456630868,312.434592,10.09659836,0.932826327,145.4827654,4.720496432,0.714791462,129.6481432,260.3147135,286.5872992,290.7289963,217.2494638,363.8844451,253.8051909,459.1441981,478.8477838,303.662854,309.9394142,128.4959438,99.02473971,134.1341661,327.5494459,167.2194685,80.44153941,13.8935569
44,0.340372695,0.028706073,0.071898994,1.563821444,0.131888291,0.297020165,94.4183928,6.464994469,4.267476415,131.5075627,1.207928187,0.786377926,129.2173339,5.011013995,0.536628211,133.9248825,4.362290819,0.483166536,126.4692167,3.51381726,0.492558921,295.9415953,9.582000377,0.913324265,188.290289,6.871427075,0.62540809,158.0195246,441.6194563,303.6710448,351.4919205,398.7012204,418.0009149,318.6497048,576.7705595,513.669048,589.8687327,428.6927418,227.4695575,234.7369879,193.1781645,385.3208854,296.1455612,102.5787204,135.0262767
45,0.9711812,0.104627786,0.127650644,2.416202381,0.260303542,0.447494718,49.04199103,4.171118435,4.184056078,55.23812661,0.563773444,0.847578512,201.375392,8.972103538,0.609216035,18.391639,3.240369665,0.337709306,126.4719633,4.648777482,0.790246366,218.4934991,9.227075415,0.93290232,92.67034477,3.881581998,0.557688582,106.3373578,311.8158882,423.9293483,0,168.3222611,234.1132383,302.2752892,432.5557991,342.6835458,329.2940619,219.6713721,219.4584018,33.29782821,153.9977313,226.4728627,103.4901368,58.13618801,65.61420325
46,0.585359249,0.0630953,0.113085874,3.0026431,0.32365196,0.480769325,50.74812578,4.44444877,4.023440692,6.766041826,0.045581564,0.564858219,25.3102041,3.654650569,0.514897449,34.2923027,4.135973709,0.226290973,170.715704,5.668683224,0.817431196,100.5974417,5.065697519,0.667361558,314.3396905,11.99361749,0.864431884,101.120874,270.5501845,112.0488326,0,163.3926029,230.4264122,327.3039561,336.1315,257.945354,255.4396491,465.2028195,33.81187456,36.22216872,173.9385199,124.3458468,312.3395929,58.15359894,23.43880682
47,0.585034803,0.054247097,0.090261171,3.683706557,0.341570084,0.351942907,38.72186397,2.637894818,4.074140904,49.91106889,0.613915992,0.875383194,103.9377097,5.388486084,0.455044013,38.30471601,5.39960489,0.199303049,137.2064926,3.747092146,0.564739791,319.0786882,11.3079152,0.919963502,164.1637655,6.389110156,0.739676768,107.2909681,236.5893651,291.1994565,0,142.794165,177.8808111,281.1604561,501.9817908,496.7727633,336.0669959,324.0440353,125.4080439,16.32232589,126.2026682,361.3953186,180.1263297,48.17156777,62.06920891
48,0.347825528,0.032896733,0.086679728,0.98093421,0.092775049,0.349769916,45.29511428,3.312319345,4.136711078,27.06706363,0.343086851,0.837306458,333.2137396,10.15454965,0.894531548,92.75899371,3.196812987,0.405516413,105.6033761,3.12655521,0.517498723,119.4942579,4.528153094,0.604870352,235.849503,8.299729529,0.748763696,93.22080303,440.8643467,570.3227789,289.1525871,211.772779,0,229.9628928,221.7886267,280.0407026,0,383.8055934,340.4421565,100.6412096,90.0942033,119.4525916,245.0621262,50.59789067,34.35930377
49,0.746762857,0.083390513,0.102649312,3.377580632,0.377172187,0.497255171,33.79161737,2.890330837,4.269211757,17.71625561,0.189417687,0.886586385,107.2383326,6.555229002,0.601626938,42.85321404,3.594218027,0.218657408,150.275379,6.203961472,0.823953795,170.7033689,7.272999716,0.75766356,132.732364,5.856413633,0.896325621,87.30399872,406.748324,241.6809897,200.08898,177.3203947,288.0684529,278.0378975,268.7500946,270.8579283,527.2035768,259.9155665,172.3305652,46.86257191,143.667577,135.1428137,134.0847124,44.18936498,30.93332279
50,0.569036727,0.051328078,0.080635462,1.965087506,0.177254228,0.311909071,52.06917618,3.631490762,3.681192151,66.91098703,0.746657886,0.902942791,130.0266668,6.355154288,0.480159224,54.09716616,4.654006717,0.273820074,74.96088354,2.649177218,0.511135607,275.3909413,9.463759611,0.88516423,225.9215812,8.176008859,0.771569067,114.3258438,288.5135146,273.7638962,204.1829894,265.4946858,188.5451011,254.7002485,459.1876631,438.5175171,0,388.3444929,137.3911895,112.5268661,103.917409,301.7397343,250.1515128,60.39968247,72.47751291
51,0.320162425,0.035136825,0.091612839,1.827580457,0.200571239,0.433917113,32.46277929,2.754656049,4.049820797,141.8859098,2.086906728,0.851931269,82.2742371,3.516328408,0.500687095,38.80711756,3.571762621,0.342457947,55.76584065,2.83585681,0.564522316,122.0734705,5.654386975,0.92438902,126.3650702,6.229815046,0.778784295,101.5504409,303.7046312,187.9824962,305.3878395,137.3450716,0,225.0371419,413.2323048,232.593832,136.3321074,285.8488388,84.12256286,28.8743818,92.54632361,158.4805259,141.5668861,40.92983895,148.5100558
52,0.545843307,0.049943069,0.085633084,6.550543205,0.599355576,0.367889097,36.08434049,2.579384211,4.60443572,10.72338939,0.091983639,0.514108954,138.941928,6.222157335,0.489878736,210.7538223,4.570467834,0.538504503,75.53370992,2.693473816,0.548448476,268.6575307,10.14848355,0.912433013,249.7534673,9.557253441,0.842880671,94.20023238,290.4494677,272.4896857,468.2227738,323.2775458,0,230.6064071,371.9611457,461.4876184,526.081527,424.0637901,135.1656112,234.270059,86.59606522,294.894084,283.185425,47.25789151,28.45124031
53,0.255626041,0.026604773,0.095429421,3.582497374,0.372855326,0.45143972,29.46654965,2.576101926,4.229996264,14.43349097,0.090131605,0.488190144,181.3132114,8.266696273,0.751409667,100.2269235,3.692777906,0.669040088,128.082758,4.607616438,0.599409508,259.9209085,10.23312998,0.911592716,103.6707358,4.553422316,0.609184184,81.36991408,403.5202112,275.9053792,287.2169874,234.9504374,221.62822,308.3032224,319.1932318,415.763077,0,222.6444643,178.7494712,104.7269995,164.0194744,250.2999178,84.91009248,37.57110418,19.23979623
54,0.412310685,0.042861501,0.107811475,6.267294222,0.651512678,0.474479662,58.82026999,4.727802553,4.011534718,133.5252559,1.574081294,0.873556607,73.08569258,6.276907317,0.524450258,37.51149864,3.330772877,0.208238505,44.03339572,1.833946901,0.386257838,150.8696556,6.45359482,0.90914649,88.82265322,5.038146588,0.570559064,118.4530468,266.1283183,233.2093414,135.5308557,177.3659776,368.1911214,227.1424388,566.2855017,282.9306756,490.5677333,299.1038873,108.5957844,33.76735622,105.1161194,206.3399594,173.9620621,69.05170399,141.673597
55,0.366226971,0.032531829,0.082973214,1.959743339,0.174083395,0.377090752,57.1711653,4.020476753,4.488049449,32.91060034,0.30452484,0.770001816,260.0293754,8.084058742,0.803176531,64.31356574,4.805822627,0.356521003,131.9559035,4.363972101,0.560797729,199.9787617,6.181345293,0.622597205,162.6335195,6.00085959,0.644547986,97.83454997,379.7212661,477.4588368,0,245.3145191,161.6339669,360.6558568,311.1119488,365.1317547,0,328.1733206,289.1054444,101.4417561,189.4649154,214.0974774,191.177224,66.5131774,42.60577538
56,0.288026505,0.019238558,0.066477421,1.499209589,0.10013881,0.244161716,33.07052225,1.628803868,4.448626598,26.39572044,0.249325348,0.919651457,205.271755,7.363604804,0.484480351,32.22602226,3.515128859,0.199819555,94.18135636,2.247140004,0.2826107,508.4067021,12.77357139,0.913219708,123.1211606,2.972165325,0.451085869,62.23927926,438.7448994,342.2623859,184.4662572,155.2480311,261.4633929,234.3690327,754.0931251,656.8150758,224.2306819,251.0517615,224.3650552,25.07788066,106.1567348,544.3465679,114.1331962,39.98586804,32.12421635
57,0.433288213,0.04450135,0.088553589,7.58900905,0.779437658,0.409363442,32.87352375,2.756173066,4.051007962,5.184692243,0.043469356,0.516293623,163.2968914,7.101967545,0.82952078,17.27055064,2.640054759,0.124162599,118.0263159,3.664832366,0.516027058,230.9150132,9.439624869,0.910782111,129.4210785,6.731977281,0.685608646,83.73122277,291.7283046,325.2906926,159.3198223,186.0115715,265.1336186,231.258746,459.7265148,365.1906248,0,290.3838778,170.4266164,52.67405308,98.57047039,234.3796889,154.5931874,46.55966482,16.41466467
58,0.515423091,0.054506821,0.123864895,1.618172016,0.171124293,0.415281915,12.87687036,1.031628597,4.218656115,50.53134985,0.59375239,0.786678778,96.05344711,7.237282672,0.427726261,157.5591406,5.653991424,0.50511575,157.3106119,4.92114428,0.671513908,270.5338522,10.30924725,0.913968521,213.2408601,8.56015542,0.803351276,58.38603289,216.8753659,253.7913005,250.6388966,273.8131162,0,259.4733368,594.9221268,330.478066,493.0598976,299.6082396,90.12392727,127.157631,117.5279363,234.7808523,179.6928413,21.74938579,55.95491452
59,0.439213894,0.047582966,0.112053094,1.945413723,0.210759624,0.400620072,39.6186202,3.555113289,3.768566927,3.603592076,0.02760412,0.394970235,203.6722125,7.53888048,0.862751318,133.4562704,6.792658032,0.495201767,94.14116473,3.176730029,0.555334897,143.889378,6.055919697,0.745623719,189.2908332,8.256435468,0.938560588,87.93481641,345.305052,400.4287224,317.8398645,334.47834,180.7707074,218.3588455,152.6340251,274.5995802,431.3107078,313.3070642,230.6652318,183.2679912,75.11428208,129.8952212,185.8965931,46.56505568,8.639896734
60,0.255083251,0.020464159,0.069712267,1.212586422,0.097280247,0.308244667,23.29660719,1.440672045,4.399197129,73.82628468,0.616952524,0.906920176,82.14350549,5.024963225,0.403060138,35.11631362,3.868087165,0.14559858,175.8566282,4.299842776,0.500401829,301.1290626,8.488703056,0.876264999,194.752423,6.789939679,0.636544761,79.43361875,303.3707999,195.9293153,153.9925623,159.7741138,303.9675043,313.2478488,680.2829738,426.0105032,487.939439,325.8250345,96.64806738,33.39387191,170.0842385,326.2386143,196.7588015,30.99077363,76.41013241
61,0.370738212,0.039570257,0.109594464,1.793372784,0.191413292,0.398028376,26.76870108,2.120750498,4.107942259,78.68618411,0.865821304,0.837175076,257.9429421,9.677865334,0.855528622,95.14608138,4.351489524,0.37728339,182.5639804,5.838489877,0.667432942,184.5117591,7.772122078,0.846558808,208.0864589,8.628671964,0.864551984,77.03276579,442.1856444,401.6854296,260.8771562,215.8235869,0,301.4466413,290.1564831,319.2034115,546.038834,325.7797558,269.3696386,85.81023455,164.1390729,172.4822792,226.7734231,33.63037483,84.46436732
62,0.519567073,0.044426415,0.085866346,2.665553991,0.227922465,0.340298568,39.48116672,2.796200344,4.271408611,116.4102338,0.804350994,0.81783423,247.660129,9.072272625,0.844495662,42.27434897,1.756958181,0.233222981,79.21171579,2.270575102,0.535194723,355.127224,12.38691029,0.923961082,169.6388174,5.558920842,0.625023195,75.44798632,551.4793029,411.4057318,212.625811,150.5563194,461.3132485,202.450959,510.9235953,511.4798077,0,318.5171561,320.4019066,22.58902092,124.046034,367.9821759,186.8483789,49.72867137,123.137658
63,0.640906929,0.068741798,0.120194539,2.106800255,0.225969217,0.404658156,31.03286711,2.496370736,4.3574534,96.0367188,1.287577101,0.839760279,202.7099845,8.524766246,0.845163668,57.09418612,3.50701171,0.332544046,103.5460661,4.057081427,0.67822813,250.4699944,10.17361723,0.833935894,244.3589589,10.400955,0.708089159,78.11016961,373.5947754,387.4268474,133.55627,260.1004471,378.5997973,279.1936134,451.9211723,365.5038144,536.3448019,371.7585338,239.0362075,108.3794081,144.9308258,245.1986398,257.2503974,41.13633638,103.2044759
64,0.65849234,0.049828912,0.06729393,3.274642874,0.247796186,0.30791525,30.61681729,1.731511819,4.236148359,39.88249744,0.381215597,0.815685452,31.24475681,4.258715724,0.285086372,52.84272179,2.728541454,0.183745938,144.7281369,3.741212482,0.494503273,451.0466763,13.81398742,0.904907327,311.9977012,7.999431782,0.624514993,87.96141773,141.6824082,156.8434925,185.2640939,160.1983638,0,305.7251802,691.6729644,588.2061808,302.928095,462.8531583,18.3067916,33.69814145,160.4001717,461.0120043,298.4867222,39.92689056,50.32975936
65,0.508514295,0.046369293,0.100704815,3.287528942,0.299776019,0.379419091,54.19411047,4.002804823,4.308719483,71.27831552,0.519965726,0.871919286,93.85876789,6.033401046,0.515328495,40.3207471,4.917198901,0.176991965,37.04224302,2.75186545,0.344823299,265.1185545,9.951040174,0.883138211,143.163088,5.732538699,0.525288972,116.4507479,326.6995969,314.3466778,0,164.5469286,0,190.7037968,548.4719356,439.8377512,309.6597498,343.9811977,182.0804074,26.38020902,61.76341339,314.6031154,203.5144266,63.83602095,76.34260967
66,0.539201466,0.050326183,0.097601471,5.602589864,0.522915794,0.421764196,16.17210667,1.097758547,4.245836583,8.122894505,0.084238618,0.883312343,37.86719097,4.98325118,0.317187097,150.8223192,5.817512109,0.686442932,79.82169971,3.169360415,0.634211845,451.1409895,15.22660611,0.937996637,112.9012646,4.945977726,0.643369461,54.70617815,201.4849465,153.7747258,445.7072631,286.1364106,242.612728,258.0113622,504.0887817,594.758904,258.4290788,257.7699279,31.65190514,185.1238985,116.1241435,429.2763442,115.1743953,28.20499459,15.25692215
67,0.608671122,0.061915794,0.126072346,2.00132506,0.203580598,0.425191697,49.8447703,3.591501319,4.170178292,73.24995007,1.086632993,0.923134336,105.7967692,5.710501767,0.597604669,50.69682538,4.384407955,0.371096938,61.21037913,2.222116511,0.458368327,132.166596,5.962633655,0.928914893,219.4503231,9.150495258,0.759042005,93.923409,301.3588865,252.9060437,411.4228097,157.6095442,0,227.3355599,442.11383,298.1909143,285.956979,407.6065815,129.1734247,54.42679683,96.58792729,206.2662105,257.4339256,59.12076165,82.19274059
68,0.29691296,0.02422506,0.075352797,6.351029876,0.518179065,0.370935304,30.99527232,2.017737073,4.010090591,26.90319025,0.163459316,0.488076414,179.4631911,6.079577938,0.584519538,43.65351812,1.59326222,0.209899418,120.5394977,3.074530091,0.427890655,384.4629235,12.00839389,0.884558716,89.76496572,3.426426842,0.597787077,80.87976859,310.4903518,319.1407542,230.8139168,130.6541514,255.9922396,261.8447432,330.5182654,548.9531866,0,222.2818127,171.6389044,24.94839796,125.9561317,372.944152,86.96551654,45.41369418,35.8895503
69,0.880797289,0.090892824,0.121531451,2.173933508,0.224336471,0.409592655,46.30503439,3.974108777,3.903055576,15.82999626,0.11321686,0.626154676,267.4160838,10.68795318,0.80228513,132.4180726,4.52712971,0.317640432,75.54073609,2.482115403,0.439769668,329.4586551,13.43256844,0.866241662,140.2834813,6.169278021,0.605966927,91.59396373,457.1440067,426.1715343,382.71122,252.2272185,0,198.0448425,515.2886107,472.4849366,0,269.2995441,293.3752235,148.514109,60.32411772,344.8266349,134.4285116,54.93525135,23.78122067
70,0.345464892,0.032581314,0.088749623,5.972730232,0.563297179,0.415178045,35.91610831,2.566138062,4.214575588,72.41499389,0.896811839,0.748572499,85.07915662,3.273117047,0.600323271,59.78953253,2.892466872,0.237966184,111.1734847,3.46483038,0.607993857,269.7672325,10.67477906,0.865415862,129.2583141,6.867583921,0.794675371,85.3551314,179.6248017,264.3098946,269.6259317,161.5116617,465.1781529,202.9845683,461.7937358,460.1631753,389.4838681,396.6750657,111.9452148,42.9362773,98.10964785,316.5363548,259.3373376,48.96102095,85.53253108
71,0.685479952,0.065046849,0.090424495,0.780343318,0.074048663,0.355906201,42.2219954,2.913852482,4.085758844,198.7142101,2.666571734,0.922922611,256.5118948,9.534168066,0.62321874,37.31758138,5.015697423,0.146146869,76.7603943,3.161680404,0.657257973,253.9247733,9.148349683,0.914303904,136.8349168,5.471593824,0.730000876,94.59443969,400.8142542,377.2962215,203.397212,185.2903141,603.9823051,221.8290131,628.0094442,352.5006462,521.2616619,306.0495882,245.2165977,61.72198299,134.3403813,360.2150436,178.406108,47.70843001,204.0878473
72,0.425311564,0.047619122,0.11913665,4.122441386,0.461560547,0.502686309,69.51492986,6.144547939,4.383228821,5.546337144,0.039220046,0.51557145,86.86477763,4.856234284,0.789798086,34.86045168,4.564766536,0.16228368,115.1211849,4.622915853,0.726540373,108.5842649,4.96920656,0.727638498,201.9850407,8.50084774,0.870260289,114.1561987,330.3696543,268.2390371,0,158.4215054,0,316.0494108,255.9799569,249.5508324,0,377.5918609,141.3595477,26.84685844,177.1274987,113.4753225,240.1586113,81.44288646,15.62778511
73,0.662973941,0.061366875,0.094634205,2.451521279,0.22692023,0.376217378,26.17594226,1.786600855,3.972688322,15.99248861,0.164479239,0.545581041,97.06564431,7.066817713,0.466268445,60.04572559,3.968255618,0.464293283,138.0968804,4.347532389,0.576237928,344.060247,12.30730442,0.950440503,174.6812633,7.483920269,0.756225919,80.90541053,234.8924242,320.1217277,242.4132092,278.0078339,388.7729041,297.1071682,324.3371393,503.3651218,401.373349,310.2689929,143.9070931,112.4678061,163.4722323,318.9439951,179.4623464,34.14795846,27.05419988
74,0.367936218,0.036179695,0.096836609,0.876490337,0.08618655,0.308870137,47.31262921,3.35734331,3.996615799,188.0651236,2.859697876,0.958646676,69.57329575,5.865470552,0.483958167,123.5992344,3.25718902,0.45018479,58.24068781,1.643112627,0.474962097,178.3367957,7.873428893,0.86629921,194.8586935,8.670747893,0.827680811,90.0774975,292.0274818,204.3468032,266.5938808,330.1417502,378.4541889,210.6497468,546.8651276,340.8403305,582.9729377,365.1331705,100.0966551,181.0037855,102.7572838,247.4226734,244.2070712,52.93343841,193.5383491
75,0.273306667,0.027321576,0.106331236,6.063815099,0.606179809,0.426182538,60.07300946,4.941863707,4.275780064,0.035149228,0.00021961,0.262301828,100.0003898,4.960666302,0.649274339,47.53752435,3.623423982,0.303630997,73.22329886,2.59773842,0.5845583,210.8538791,8.420650958,0.607282619,187.0696042,7.902021542,0.890956543,128.7532257,329.3926123,226.5263807,127.4752209,219.3572938,0,219.9059024,253.6736923,371.4544725,223.1741697,387.7921019,114.551199,66.65267867,78.00124661,227.5276323,225.7831417,71.55066165,5.916747911
76,0.44764521,0.040445447,0.091297403,6.872935605,0.620980512,0.399022493,32.96303203,2.264719792,4.028630875,66.80581901,0.691626207,0.741745336,53.74329801,5.9285108,0.342757381,129.5094808,4.063754916,0.431797129,188.475087,4.618261725,0.555286453,249.0320582,8.624796984,0.924229693,119.8145784,5.026906816,0.579455235,97.63150477,227.9346975,226.0204111,359.9272192,244.6752726,356.3294367,296.3390882,586.9978411,337.8787599,174.6608115,301.4933738,90.94192274,131.4703935,171.7081232,248.0733403,156.5904427,46.79226622,83.48004016
77,0.590762084,0.054418757,0.099718902,1.494849314,0.137699835,0.351737841,42.60514651,2.922592422,4.241395752,267.7760485,3.673735753,0.959114317,118.4912914,5.749628562,0.560405272,195.5698883,4.250105719,0.626623494,110.8848322,3.147593482,0.427220852,111.6067593,4.692642197,0.72146664,56.36569318,2.930192488,0.783471325,83.30602328,246.2760748,306.3355055,359.3202858,335.7365953,0,265.2125948,517.2692435,315.4223535,640.3763181,254.4172379,146.4356793,194.7889084,127.9385358,265.500429,189.9778142,50.86642518,273.9547152
78,0.551550475,0.055874479,0.089840886,0.474389947,0.048057779,0.314509138,93.49995036,7.794629192,4.230763194,48.75720149,0.360158608,0.697441743,102.8550517,5.519680931,0.629605921,44.21304261,3.432376022,0.139060702,61.5318424,2.447639072,0.497678486,185.8936013,7.840177558,0.882972754,240.2390729,9.86344352,0.791509173,153.5085862,308.3592702,334.2736035,256.6017848,214.2436388,362.8966472,252.8251567,344.2740224,372.4610344,511.4796376,439.9108952,170.8831985,84.49506956,124.55683,227.091102,304.1256623,97.3715794,61.04601747
79,0.521095563,0.062902646,0.131506239,1.580522854,0.190788554,0.472591723,44.33074436,4.38348407,4.13169528,111.8732646,1.005652726,0.844879007,52.51454294,3.7819721,0.383615041,68.25432134,5.43182223,0.361141499,31.40288928,1.870302692,0.478388639,120.0435116,7.004925619,0.838541197,148.1983546,7.20451326,0.857475164,100.9517216,179.9568638,191.6153944,0,226.5433207,0,211.1329366,397.0488287,289.0926461,0,273.6072598,49.78724031,72.40324636,79.40356574,176.1862613,138.4932033,49.54946281,119.282103
80,0.670257796,0.060636171,0.0908577,4.081187097,0.369212504,0.368388644,34.17422072,2.302954198,3.996343202,90.275181,1.000030934,0.819697871,219.6434881,7.761715971,0.666771212,129.3685746,4.869175766,0.54005067,129.4917869,3.672450309,0.6233031,255.2339747,8.573782989,0.924868199,235.8452208,8.831361916,0.695772421,76.37957973,449.192553,366.8947013,420.8927059,250.413666,0,283.1167235,591.202212,324.1666199,159.1055136,402.3551314,247.3765006,181.2183165,141.58181,274.1329427,234.900809,44.00595045,105.4616835
81,0.289382121,0.025126447,0.075375605,2.725138738,0.236618124,0.366215447,44.83424631,3.170477094,4.315541516,11.8037287,0.105659092,0.666186896,159.0934579,5.791847351,0.588166124,156.9484518,3.369226428,0.472233674,194.9840078,5.398118114,0.597648957,278.5218132,9.404483711,0.899832218,218.8919244,7.359456508,0.719065611,99.10032147,347.9687596,317.9099727,394.3760445,299.1174682,0,364.7701996,436.1581024,420.6674066,0,361.0023639,185.2065505,171.6425884,224.2233326,278.2712665,222.4686908,52.90436586,22.6178353
82,0.24429326,0.017790443,0.064073118,3.095699918,0.225441637,0.322554422,11.63975611,0.655403391,3.92952156,79.44205938,0.775349277,0.941500162,308.9781215,7.45224294,0.561718428,61.51373347,4.47218023,0.178501477,72.63008271,1.738764712,0.335462263,395.5169319,11.59678159,0.952707238,240.6805458,6.375370053,0.515410266,60.12983827,463.8353914,402.804539,0,170.3942475,0,172.8258475,772.0642925,435.3816025,390.433209,370.8392656,276.6421418,34.78381226,41.3078583,413.1334435,231.7848952,20.2747259,89.82523692
83,0.877420057,0.082451533,0.101977819,5.355429764,0.503251997,0.380988621,77.41736711,6.012962832,4.363022495,93.6073835,0.807825799,0.918989559,220.8025058,7.549730978,0.701504916,23.28252269,2.476412944,0.20145319,31.8786036,1.845020477,0.409216481,288.940607,10.55860467,0.87469727,202.8903979,7.482534935,0.806249146,142.1415873,454.6014836,408.5652087,131.2966263,161.0728522,0,244.0008489,576.3371663,440.7355925,452.9940703,404.6231042,291.2206418,24.03048523,112.1704792,318.956088,272.2232331,90.00109449,105.5990443
84,0.464350637,0.043196555,0.092970126,1.509114164,0.14038644,0.364813901,18.96161035,1.466836702,4.300946589,34.06258687,0.36690174,0.768585471,86.11373263,4.044501516,0.501338785,48.66972826,1.655318937,0.354713628,80.4717962,2.296883229,0.414462812,329.2996057,12.31058697,0.942515168,240.3604512,9.608674642,0.800166595,76.01099258,319.0494334,206.0636082,255.3422682,178.356742,181.0961629,194.7718474,521.9663683,473.1144757,0,345.2046374,84.29057207,43.65721062,60.66281408,339.6992164,205.1165821,25.97889931,46.67963789
85,0.488564268,0.047343559,0.097240892,0.899912216,0.08720459,0.353157519,31.26507128,2.335388349,4.389069845,47.70222767,0.385209167,0.691620765,120.0540013,6.9909425,0.623505899,137.8881707,5.314874856,0.497018875,149.0133778,4.785684744,0.677991749,281.3303546,9.392801342,0.841697641,193.7176304,7.937471311,0.901449389,82.58284228,324.2637848,410.5145432,0,264.0649522,0,303.4792223,475.8476047,423.4278799,523.6984685,340.1274501,203.233198,120.2854446,164.1434962,304.9290954,209.8656853,39.58523338,52.96498347
86,0.392553559,0.041141172,0.107227516,3.886372066,0.407307231,0.423059492,63.74884939,5.490435752,4.557373584,15.73937675,0.146989533,0.59149897,128.2829836,5.456424907,0.704785684,52.96875096,3.371365481,0.331156671,116.9029202,4.401706646,0.678987424,236.7209209,10.37390873,0.938698108,203.983975,6.884168645,0.643027214,117.0048663,344.4594721,268.7681944,103.0976906,242.9660807,0,275.2828289,298.4447075,420.0796153,0,338.1464761,153.1327658,97.24873269,132.0012667,255.7984456,195.5478528,71.47169906,20.25417676
87,0.359620535,0.040992156,0.112818068,7.321223935,0.83452619,0.519600618,38.70181706,3.436337015,3.933784144,127.3779548,1.375528065,0.924488421,31.72773758,7.277888788,0.140958747,45.27484173,3.358118134,0.309367302,111.8219003,4.358869428,0.571205341,154.3249203,7.451890315,0.856174534,50.66399209,2.923545742,0.616790745,97.63446123,0,147.5026409,0,204.6619828,0,263.6061548,351.8394798,314.9010323,259.5045039,219.7337233,8.290919213,72.72815859,130.711564,188.0412702,89.08219003,51.75868611,137.9810736
88,0.230709365,0.023022186,0.087373291,2.569291808,0.256386273,0.42862932,20.39981404,1.542174844,4.019024659,65.99790608,0.798284222,0.855167239,69.34132492,2.859282244,0.624949023,65.47576276,4.753884768,0.370991981,115.1560368,4.209893538,0.596921808,269.4748557,10.12112684,0.899862404,171.2369683,7.359153591,0.834076197,65.10349897,195.3477918,176.9656582,189.2343071,170.4208136,433.1059872,247.6822771,502.3991775,393.1489468,635.9566799,324.7463788,41.24457821,40.52754691,122.8010545,278.5513875,195.2801139,28.32231646,75.28988162
89,0.501004297,0.049187981,0.089243659,4.398851171,0.431873757,0.368208344,57.52694246,4.599855564,4.182718003,15.12072008,0.137740227,0.632322669,68.21801938,4.797968034,0.658562135,159.0973939,4.95213747,0.338416408,137.0063787,5.250681453,0.607391797,247.0002121,8.537719103,0.878678737,129.0443735,5.433331816,0.655964505,116.934343,329.0740189,203.4287638,320.8058306,349.0108112,0,345.018939,467.1990968,395.8253609,145.3641833,284.2083673,102.3836422,207.867573,205.5293701,268.1320683,133.9973292,66.51538018,22.01837427
90,0.470676035,0.044980487,0.094200547,2.421902196,0.231450789,0.353332827,28.16606172,2.045699236,3.944574007,32.16717876,0.307407909,0.794129296,235.5374929,8.159499181,0.694378065,51.36252773,2.732756419,0.196460764,66.74765621,2.161158694,0.432262382,198.1685222,8.880234823,0.914863445,88.23288748,4.808737951,0.63950748,70.6380766,451.1768525,325.6500264,126.976901,160.8027996,348.8956268,180.8700283,409.3300104,373.387537,0,247.4166154,252.5696245,18.33569654,54.53687944,236.6258488,109.7158371,33.42400697,40.18280009
91,0.900874813,0.078300494,0.097450807,6.656788477,0.578581864,0.381675622,25.95842876,1.697738037,4.285473525,25.30220863,0.195965503,0.785871918,30.47481045,5.659459146,0.325435083,57.48757167,5.931930498,0.215464708,34.30228854,2.569676943,0.286027039,254.0366704,8.525613259,0.719822967,347.2913495,11.6411812,0.875741663,84.97802052,652.9587729,173.5859133,0,194.6834461,0,161.9903992,442.0130026,367.7083374,419.499731,505.4026387,85.95903327,60.45510671,29.91311036,243.2587607,354.2463124,40.76517917,41.67003188
92,0.564798934,0.051522037,0.076442062,2.625730773,0.239524176,0.363573384,18.2910526,1.234027888,3.746716263,39.67282228,0.414680591,0.74199471,106.1843886,5.202909613,0.578584015,53.96061797,5.208231849,0.326038712,78.36085178,2.682948662,0.522178421,179.8911962,6.513454369,0.848568004,281.5257494,10.28094677,0.907405407,69.23648899,307.9669632,290.1641057,0,167.1030596,0,202.2288883,379.0764626,281.6953498,538.8234858,418.8993956,146.2118808,21.78630792,65.33680237,164.1406254,284.4843987,23.59137236,46.34532995
93,0.533627135,0.042951735,0.081395254,3.040327613,0.244716465,0.302444793,20.42956219,1.203617463,4.281085927,190.9113514,2.059425926,0.928472941,151.62627,5.998433357,0.677201861,72.63614935,3.559106549,0.309921568,87.7014119,2.644364079,0.40987512,305.528838,9.99364454,0.910571091,76.06539577,3.198668814,0.49072177,77.91647288,484.1696165,303.5638454,378.8110088,139.8248754,416.2399718,241.8259253,745.745647,387.3687221,695.5477828,274.3505451,197.4358085,33.90579878,130.5179191,342.8101356,161.954221,29.30688888,198.1126906
94,0.418172583,0.042153157,0.10636282,4.761371644,0.479961756,0.42524733,29.42814883,2.429966955,4.022650471,0,0,0.329319501,214.936263,8.75348714,0.649434114,47.78335832,4.189996064,0.308380681,99.88900503,3.808037543,0.590093792,197.7252166,7.411899599,0.926953377,93.66856434,4.64962828,0.597478219,87.95758176,360.793139,400.590043,297.2769007,152.1887451,220.7152259,297.2773857,249.2997929,320.0642447,314.532431,223.7642333,247.5268212,31.31842291,149.0179601,173.0958884,91.07436408,38.40554196,8.812901999
95,0.604496921,0.056433106,0.096458907,2.989413475,0.27907816,0.36919323,24.62988642,1.694246927,4.275430288,78.54280451,1.080564505,0.894190452,130.7303509,6.748161372,0.750765637,18.39595754,2.235472427,0.152003953,157.2889764,4.639104518,0.752745118,151.6491822,5.971223212,0.693852771,223.3036146,8.812198284,0.86575696,83.97619932,486.5791012,236.7872957,0,105.4818238,527.6278606,266.6664708,418.5875328,253.5975926,658.7121372,369.6815802,153.5049927,-23.55653532,160.068671,171.3853141,238.9849143,32.7596051,89.57291322
96,0.297280576,0.034879912,0.091900242,1.004739721,0.117886052,0.472201818,39.58143925,3.791092191,4.140684609,1.260394309,0.010562999,0.479703296,40.01173624,5.22106686,0.457650884,138.2021027,5.256998453,0.623060991,220.9160982,7.842400974,0.860435016,184.4969092,8.257364227,0.839801052,148.3514396,7.124720849,0.700366071,83.85919599,196.2371001,205.5075718,299.3404397,353.4632327,290.8357271,384.665859,356.7357581,286.4161276,288.1750419,269.9205403,72.16390979,178.2992454,232.7824054,150.7728758,139.4450058,45.76158753,7.710475526
97,0.605944281,0.063454154,0.106723597,1.44410392,0.151225774,0.388061274,36.23189347,3.207454605,3.97881837,9.428385313,0.071251006,0.565006442,220.2116329,7.741728927,0.901618258,152.5290651,4.295151327,0.653487783,99.92180821,3.611237852,0.609299002,173.2083187,7.261826658,0.819619789,131.5668462,6.066013293,0.605331842,99.93892394,340.8965562,392.0830771,0,289.2650342,0,244.6140836,231.3410547,310.2515967,0,254.9603536,215.1830422,139.960686,105.6709174,167.9026713,117.7228244,43.11810416,18.68228888
98,0.49591652,0.051340523,0.105451505,2.582834899,0.26739197,0.373799532,41.51268685,3.246108657,4.188373745,20.15782022,0.19980665,0.845913711,169.8286684,6.265957541,0.849948315,66.05040593,3.41243803,0.303830721,122.5239237,4.118320299,0.552616779,242.5267369,8.67669149,0.843037211,273.3832458,10.8254073,0.805918484,71.09923222,376.8196646,250.5777912,226.1454921,265.3798106,206.9376205,264.6154958,529.9818607,353.1547131,227.1502623,398.4230463,188.3465718,125.1845374,117.0328617,221.4431149,247.9340267,51.12184076,22.27823095
99,0.546849832,0.055582326,0.114702703,3.22286206,0.327574697,0.419229656,34.72712816,2.929649013,4.049923506,8.585590756,0.052358846,0.855677257,69.85760218,5.666584304,0.507403381,100.6877642,3.566470595,0.426196753,286.3160789,9.105927849,0.838279034,261.9794342,10.68953491,0.816468482,269.570744,11.97791559,0.812532333,90.88893733,272.4916249,202.715972,296.134715,201.6166712,556.2902473,428.8384449,408.7488306,448.5490887,512.6867835,425.7729507,118.1737484,73.81157559,289.7842582,302.4447748,290.0377174,43.68333761,12.12612586
,,,,,,,,,,,,,,,,,,,,,,,,,,,,,,,,,,,,,,,,,,,,,
,0.50323098,0.048986751,0.098289628,3.014862956,0.293399876,0.391558696,42.80087399,3.317956798,4.189905304,61.90625727,0.668913552,0.773270128,132.2043047,6.235977257,0.604583211,79.11919673,4.01748324,0.352006158,111.6507637,3.721888135,0.561014232,233.478775,8.762063542,0.843933799,178.5837974,7.143969108,0.719982461,96.29413327,328.0071985,285.0954975,208.394326,221.1314028,210.1133054,262.5197389,441.4154419,379.1609253,266.2455561,334.984155,158.1850409,90.5957728,128.9634606,257.0000977,200.03524,51.73957065,69.94264688
