,q_flow_station_wait_time_var,q_flow_station_queue_length_var,q_flow_station_busy_var,secretary_station_wait_time_var,secretary_station_queue_length_var,secretary_station_busy_var,general_nurse_station_wait_time_var,general_nurse_station_queue_length_var,general_nurse_station_busy_var,transplant_nurse_station_wait_time_var,transplant_nurse_station_queue_length_var,transplant_nurse_station_busy_var,leukemia_doctor_1_wait_time_var,leukemia_doctor_1_queue_length_var,leukemia_doctor_1_busy_var,leukemia_doctor_2_wait_time_var,leukemia_doctor_2_queue_length_var,leukemia_doctor_2_busy_var,transplant_doctor_1_wait_time_var,transplant_doctor_1_queue_length_var,transplant_doctor_1_busy_var,transplant_doctor_2_wait_time_var,transplant_doctor_2_queue_length_var,transplant_doctor_2_busy_var,transplant_doctor_3_wait_time_var,transplant_doctor_3_queue_length_var,transplant_doctor_3_busy_var,other_patients_total_processing_time_var,leukemia_doctor_1_complex_patients_total_processing_time_var,leukemia_doctor_1_regular_patients_total_processing_time_var,leukemia_doctor_2_complex_patients_total_processing_time_var,leukemia_doctor_2_regular_patients_total_processing_time_var,transplant_doctor_1_complex_patients_total_processing_time_var,transplant_doctor_1_regular_patients_total_processing_time_var,transplant_doctor_2_complex_patients_total_processing_time_var,transplant_doctor_2_regular_patients_total_processing_time_var,transplant_doctor_3_complex_patients_total_processing_time_var,transplant_doctor_3_regular_patients_total_processing_time_var,leukemia_doctor_1_scheduled_vs_actual_time_diff_var,leukemia_doctor_2_scheduled_vs_actual_time_diff_var,transplant_doctor_1_scheduled_vs_actual_time_diff_var,transplant_doctor_2_scheduled_vs_actual_time_diff_var,transplant_doctor_3_scheduled_vs_actual_time_diff_var
0,0.3145043759792339,0.04710177226569861,0.15644804794544198,34.14729875312521,2.666832702978019,0.8238419924011594,1335.7095326815484,64.35123630271684,3.166184910749646,13.481165720071017,0.0241368826378824,0.17773461862832338,224.990383483929,0.2265213851430733,0.24983855211159575,503.5149329579027,0.32449195702418426,0.1989875901119753,705.3510048771814,1.6603633150366481,0.24351102388468449,96.33200827195346,0.1084751557088684,0.24999998126594503,291.7154409263371,0.35276541440483866,0.2491180612914976,4358.685196492571,3847.1925041252925,1647.5159997379901,1171.7997515729103,2773.966879557383,0.0,3790.0529486377177,6125.225068918011,1178.7482892164433,0.0,3222.7900028328336,2796.771410268274,2783.0217871970885,2631.5026275029295,2325.8791282127586,2669.485852641628
1,1.4777405676155404,0.1690304513957491,0.3085416907851112,2.654841042094223,3.014918247019239,1.8281086300696343,744.4444115734533,181.88507678512758,22.544117254574108,70.67723607779558,0.07169636489951647,0.3600656518411478,2535.8598693558015,3.6960690934932874,0.6767633958956457,4327.673732966457,1.653997816621751,0.4900604476613166,4121.841407085372,5.1240093034028575,0.608721406652121,1208.5081107711824,1.4705009924255286,0.6857763373054024,4791.678537025866,4.245165421184835,0.6619086179348771,2064.6253869633865,17.585184957475576,5580.515919429733,5740.739779921645,10084.247264562257,0.0,9307.60282963279,0.0,2658.8538664056614,1373.0324303872767,9885.545437664197,4553.458209142984,7630.65259944618,10544.738725897794,2166.704665779262,9493.468896422386
2,1.4067867850534082,0.29259095481742625,0.5016218871893027,100.03302941384908,11.055580782260957,3.1429947262270024,1130.199878037831,275.69837785781215,39.540700496594084,1070.8309713704841,1.1481634739661473,0.6701709557598565,1461.5728798582202,7.819469914953216,1.1387333544520952,1736.9429548528378,3.2806385653481005,0.9943144692337432,3214.1519975361193,11.025473891140209,1.25156963219458,274.89562067676513,2.345299909857905,1.2890257609252045,1074.268132498425,9.297385665739364,1.49837548624996,2938.2258832190746,6154.757105338728,3555.8219469340183,15743.606838793767,4353.066329683168,0.0,12596.954453272987,0.0,3201.407006206264,0.0,4480.664955227051,4782.22613066767,4339.450675045572,10071.714346123494,2963.165142821165,3901.0537458848034
3,0.5888892995171304,0.4234785818352963,0.7406767452332417,10.424113493274952,15.626176614465457,4.964172825316085,457.0448878197367,350.4502472712591,57.343645017933056,2514.3053541566323,2.830881413488711,1.2564596277203606,540.3530958071009,13.666789629295675,2.178256329555315,101.6683281714819,3.81476864644595,1.3698262417588916,610.9404954332302,15.07934216744249,2.0241261214604687,57.32783689385906,2.7135302395087,1.8659229806859403,1836.8837835647646,17.187439483878656,2.264323434699599,982.8223804181009,5284.198181514615,1528.1244003015674,0.0,1223.3318267369243,4344.423800508459,2112.934212371069,7297.165144305032,2414.19565944182,0.0,2846.9171823340816,3677.0964765430135,1311.8462271004973,2553.0667745420606,3712.2570580462398,2778.276871185251
4,0.9031571351536173,0.5078562490357933,0.9502747916103651,1.7774138298621676,16.174536309280693,6.108139582170563,580.0737667453654,389.88230718341754,72.57074862113677,29.784715050059678,3.2105547769168794,1.8875331498080234,495.1773355799391,15.022918976233496,2.6360736405732137,1734.0744784381063,6.024984688046624,1.6936370723763174,136.5796634910091,15.883072937133146,2.5529748885233388,105.51048205761026,2.982432860920327,2.3103603891264894,969.9888042337569,22.019131860554058,2.929539043167368,1738.3685159126287,2524.4574652397014,874.9125582464933,1534.7355259694484,1042.3444286298181,0.0,1815.6624164685284,1346.0547002005367,1572.1947830827773,0.0,2675.3883666198567,1171.7262042427346,2157.529926323821,1505.334409585225,1939.7518771059335,2236.8830484650334
5,1.5721141365494822,0.5890742454949555,0.956642765940094,4.98449393467065,13.661641596617603,5.9741880717947735,720.0611546598126,358.70776994214333,76.40482002712214,0.0,2.6396978381791083,1.7724136633679919,1400.4841807678242,15.75550125063301,2.6686844876036924,760.0061620719256,7.293496292575096,1.807749094893817,484.3545553713473,13.564251018785061,2.4482560253888828,7539.087658266588,4.297233413785296,2.266305851751813,2510.9283807447946,21.55005312318257,2.991373389064061,1550.4442141587351,1327.3699422748466,818.0631740105648,34.50476234740199,756.2454330595094,0.0,1935.5023043881306,15316.480780807438,11334.99189358698,13239.784215436244,4056.7704399473646,2530.6003345100653,1179.970383766505,1625.37466275838,13168.36153240095,4045.9440207337584
6,1.498746714158865,0.9396909039344971,1.3711830691989868,7.079969198091668,17.598148789559257,8.561560394248362,741.3592310088901,509.06263695448433,108.17517848390278,3.9922459020878307,3.292697757949427,2.407967642586479,4054.9648861424757,27.776716153273956,3.897093793047345,1.0995695614449816,9.794313944612536,2.5975976116048654,891.9852940065157,18.50764410843142,3.506033662438244,528.0521116113598,9.23078626477356,3.6553503528395868,634.4783786337462,32.09142437600477,4.46668205954894,2004.036682328419,838.3083495140424,8193.866083411644,5056.840803514008,1491.0060043252408,0.0,2813.8926549452567,376.91660951916856,1420.1879411594914,0.0,2021.8088819957688,5244.3839646502065,3497.953022704803,2137.68812569556,2066.5392748574563,2523.2059179687417
7,0.27279691358557157,0.7727806532414432,1.2086488842860919,5.46242562003241,14.161471669388334,7.811324868764835,751.506281561654,486.70952806676905,100.59320216050693,6752.235466814044,3.1010747163321453,2.1276273720723555,2061.7750360947534,26.391147129008715,3.5543900960608035,21.376835095769763,7.644589986763724,2.216615968549313,201.90999392487834,14.890250273130683,3.1608626540486635,2424.2750432221005,9.897254100191125,3.4854606261276437,1255.7225465039835,28.8513544091562,4.082816490005877,2357.2464861743,5904.523891376325,5859.821720170696,4202.738533595836,1650.8293577362604,0.0,1806.2043192689464,5004.517900261815,3303.7264064759293,1730.8789878628013,3739.5591650843644,4647.154249769372,2690.5593365732875,1534.982366459999,10319.655590322693,2645.2548389452336
8,1.3707887393128362,1.023694863568544,1.6013212070468554,2.6360640731701097,16.811532636610846,10.16070430504846,1482.2187023651293,642.446745893999,130.12786937800806,104.86478952504656,3.9081508983671447,2.928204738148854,2951.3625033702433,35.33103561746843,4.778307249823552,1022.0944824555843,9.712079135079394,2.8540679273066236,321.2561986452317,17.82655719444526,4.084477535515499,162.84597633069492,12.887068675295005,4.795449985465778,1227.9193838520084,37.71759047069678,5.444281107686278,3766.175944131714,5098.212396272147,6772.072357997192,939.6750288709396,348.8972033432656,0.0,1544.948516491272,4871.013942228895,4693.035181565779,508.6993293196719,1580.328687227481,4965.0498058688,939.121561456949,1533.044125207032,3921.690634383295,2331.0057060617664
9,1.0879588941918485,0.9107602273559776,1.4531780188824703,19.363898081336114,14.662605949889247,9.071053731099553,161.16459916595306,550.2781366939482,121.00788204822611,0.0,3.1546007392481323,2.7008209733160222,8422.145764790392,36.82735315343967,4.305338313492883,22.948279774223575,7.997265040673942,2.5598402809582312,849.0858044983102,15.227151758449756,3.709274540928594,983.5780382112425,12.63659217011818,4.529802127005926,49.76701912234753,31.319430646584642,4.857597482528063,1238.9282375437774,13205.813362936127,11505.185783479114,0.0,1004.8107452707476,0.0,1050.701715517486,1852.1962737128522,1643.459677282181,955.4867619704177,546.9102415643071,10631.622715896236,457.25517581920167,867.9575316978991,1633.4943493518263,654.0348510529058
10,0.5138445701101799,1.1005604626701255,1.7986544412925463,3.971697216985945,17.01757170415572,11.191462022296188,1209.2880330576263,674.9177561601826,146.61316982750662,8.090711617240526,3.562518428084674,3.155899016746391,3357.016111649951,56.55788650237741,5.882503208593938,62.06929565232432,9.08440471339851,3.1503933992873123,594.616312803412,17.905894785098685,4.580778455765534,800.8004402054851,16.605143259285416,5.54624770662988,522.1751624484509,36.06373472942573,5.824287178439083,2906.1458150847575,4193.565350068064,717.891387862066,5781.42564795488,967.7945892999419,0.0,1966.5942929491282,4458.252944061407,2325.743202789061,0.0,2288.405298191858,2916.5252643458352,1614.48822585179,3676.0512698413304,3252.865189962461,2205.0523119509558
11,0.28365220597058655,0.9682946443227884,1.6618623924157163,25.090077684573213,16.13623243957714,10.504707178587207,1144.368192440605,653.489365826635,139.84707442426475,1107.6711697936653,3.2874948309796856,2.9014915890538937,22607.158557130468,60.19794150068035,5.8440549146458824,411.77272870575825,8.059580376296223,2.977402424050815,1048.8667522815965,16.694143290816463,4.4274221009266475,1208.7355381796262,17.020666478762216,5.5120723279217545,1734.9698192646265,31.242380416567816,5.490767242660974,2361.9801179252263,20459.005713411338,44519.644580574044,2052.562931793411,698.586188012415,3981.8814673215456,1491.2960064203771,6972.659946010196,3456.0386911206347,29395.619422484448,8041.765464596503,33195.24330270138,1175.291364636358,1524.6098339077225,3015.956656504877,6155.209135426746
12,0.8168348229554583,1.1039094603082193,1.9032087257288017,20.632618206814204,18.5151191788369,12.18651786267854,2402.775211661367,792.6444734470836,161.31832963852108,2.391579359709316,3.5359309331971267,3.289780309269995,1005.2037953410822,72.22176672350469,6.98905440872569,287.9291614095768,8.795116684897028,3.4664551491589175,432.76201740958857,18.87347577137683,5.126246161509745,3983.9209763265135,20.056202049574413,6.311596243370342,74.68285058940535,33.24347884417565,6.459295216293097,4362.050185414417,29109.00709163002,8942.087459948567,1474.7317512292936,3567.120973524402,0.0,2503.1463682188455,12828.380315071332,11763.604525557143,0.0,3927.7386180435606,11733.837897933532,3483.9353785370677,2866.2754679236027,9751.593011101639,3048.5623649478925
13,0.5820387589297435,1.3985469645896378,2.4397231270805424,4.909849534089684,22.72759686822264,15.623763436836592,1038.757566828869,1049.7782177676254,209.31876396831632,32.59223877791784,4.2991760998261235,4.171761489882897,1878.5377803859922,87.70015032938001,8.917397962317198,93.78815078016292,10.698882967425538,4.432638894242347,454.8716952362932,23.174692271437586,6.472174336109917,591.9692889767074,25.561741877983646,8.46644511935236,1155.6477294730003,43.919403951794706,8.09859600949304,1663.8737335394503,20096.70952859847,479.70474854635813,57.34258427112218,3388.1270722681256,0.0,2929.522587362284,0.0,1294.5139541582591,0.0,2266.752290050142,7555.278591997745,2596.98314872963,2872.977132068222,1892.2266422057482,2319.205776895746
14,0.8477711523613131,1.3516045283315192,2.334494131827436,10.31598354749682,21.329869153607618,14.916983554540725,893.1822426007863,1001.2207942423986,201.23676854063666,166.72739085628177,4.012603461895301,3.9596160693875766,6273.456199671146,81.6722561554996,8.694837829963745,32.04651673960094,9.586181005842523,4.158436839500179,49.91675923874183,20.88194314051008,6.270773008391158,2957.6601777053324,23.983116474692572,7.994736086943164,136.92693990333083,43.08237547629939,7.8761615583376345,1394.4205620303096,14981.128169798747,11506.549129140216,0.0,1490.0386419395131,0.0,2323.7145131084326,32465.112947248137,6920.078402771378,0.0,1091.296171707659,10519.622848883724,1288.2290321214823,1404.3050089161616,6241.921656560266,588.4805195500512
15,0.23048927980845538,1.383857571673395,2.4565627093157194,4.134826449919015,21.607799422932757,15.866087348876551,1660.3875665277822,1053.9158485722771,210.93179477419557,132.26405422601493,4.055327173113728,4.154633653773129,1645.091508497512,83.98091518473025,9.338393156262073,75.9184366591206,9.62750129733759,4.387397772614244,5514.226524020351,27.78735403810991,6.464031039988935,3279.287312916468,27.53480711187231,8.482091534163624,1481.6317885559245,45.307366239258684,8.14185522278645,3181.781988824405,5104.561578179319,7009.104883341347,9558.479385863666,1405.4230894999994,9183.005722752658,2973.12506950961,7216.298873686336,9313.750043398288,1009.5043631385341,2520.780030421568,4951.927415896144,1464.6889417526327,8912.906169948494,8598.436496757291,2633.1029462090023
16,0.498378522535285,2.035424366275086,3.6647531042311776,10.719147783032291,31.68825114914824,23.85527676237214,280.8519120606765,1577.3577253845724,316.870688709848,86.1703644624339,5.789850608089447,6.143712269054636,771.3551021056799,121.21705097318824,14.049543405996518,1445.3447608130025,14.750511446504186,6.6473920272862115,1605.2965205902274,60.614087849192394,10.430284093150563,462.4004041401878,46.1139847267947,13.02444505483099,228.61932908851136,69.39391451395335,12.578591793599573,787.761596432749,1148.1853110068873,2085.069945050277,0.0,5009.287546577806,0.0,1396.4177936917406,977.0375423906881,818.580050237691,0.0,1372.0161054535624,1071.2517869585247,3498.061806095849,886.4162633289441,688.0896683133636,1159.1438315138219
17,0.6398336187981447,1.806390146253304,3.2654591245780926,16.708340495308512,28.218525016641227,21.51205023915385,212.39018255512198,1367.1280617079321,281.1562514835599,1041.6761174904977,5.190755802224345,5.458962923396571,7833.467234917792,110.50175828509131,12.354462962255084,330.04553595698326,13.137996921943657,6.120221728196645,19.15440684377556,51.22974319648391,9.158840981389368,296.9483596979679,40.407768903414315,11.479207493531133,1902.488478218118,60.03767209751771,11.042255687979676,604.9151157132485,7529.557299685327,10744.796787184392,7062.322847376755,1192.668566352211,0.0,1078.6680304557217,198.92567972655524,528.2222185051704,0.0,3157.0423627319865,8296.829601555708,1615.9197955596778,630.1260464140747,960.718504184768,2915.327954611705
18,0.34128039255514353,2.1607756380226633,3.945221575220615,14.782949972466724,33.75452432292224,25.96805872768725,282.0829568162096,1610.746119749683,337.0676789274536,791.5666302929592,6.699405521084097,6.698809677639921,811.9045674562876,135.1776815982031,15.065390164641036,28.934236665857867,15.215708056734934,7.418272671332118,1559.791903002554,59.589399215588294,10.828462864697835,1262.080422209671,50.61765675395609,13.72487473272415,172.4933880889897,70.2729824550792,13.245251803188266,697.1255179363534,1685.946310949182,2345.123162846996,0.0,910.2682984921994,0.0,3274.0697078454855,698.0635814765154,1580.2183041467688,0.0,1129.3361107264268,2161.6915572704406,1133.1479783951374,3135.800938088576,1964.3877466229096,1186.6537884077673
19,1.4275770606407059,1.823666338618939,3.2226310230222723,4.9891596184396505,26.674252452463502,21.291209372448986,928.6997118922613,1300.1389475474655,272.6729353692399,19.984628203407347,5.412085994378362,5.624069087754378,1112.6801200505113,105.7716320424989,12.173908276337793,93.76370505851273,11.881532837448443,6.044493142872949,1386.7778669102831,48.0019518889901,9.05952601325028,4257.660691050481,43.94118732915056,11.189412427388088,470.24338503695515,54.89384465206481,10.608104994514337,1759.5373295221023,9054.758458656328,174.201994767011,1675.4617742028165,1758.6892448665449,0.0,7994.390429179032,7375.859032227069,9453.98080862816,0.0,1420.9402448663413,5703.524041127806,2055.759202988341,7614.025573038768,8504.337063392468,1483.1198658719193
20,0.8308018053010781,1.52747572918059,2.692381100446265,6.827580438956208,21.57582512885157,17.86627201450017,1425.1984628396476,1112.627299562841,228.6125417910858,103.86816536935102,4.351303399389036,4.683690120075394,15770.647733100272,94.67419145732258,10.114558588708201,594.1104797031709,9.632174770247932,5.071441174348337,244.4523632045721,39.10967751279754,7.655423919377553,862.293896956168,38.36365599990933,9.568502014597989,1970.4814302205725,45.148212136789574,8.769758973196081,3501.215509709391,27573.258645716025,12700.713016055892,9914.672147720179,5869.455254393485,0.0,2370.8284116177474,0.0,2335.314961800511,0.0,8722.111185437392,23718.127310779437,4497.2342566364705,1697.1203400941765,3431.4067922106906,6239.762723492659
21,0.5723359404545708,2.2588047781077494,4.031014627456086,2.546672310321816,31.287970910235796,26.790909725059937,521.0033847816942,1679.1230960665985,342.4979090615025,516.5549308035191,6.534865793587705,7.011125537627149,443.7613724322677,164.18823665280064,15.83053714000561,5714.682930163083,17.397238465528137,7.635098647632291,4161.254923637912,60.10900131443128,11.42207430183707,2065.871657436831,60.58072130205473,14.361419501149156,353.0159832167606,66.19704146530583,13.1363254676436,922.4329825054147,3255.5410415084993,3346.6133892993635,4358.181317339652,9800.50496101766,19809.99044328783,8061.436370740499,7114.216191167709,2475.303131863702,0.0,1303.4576327519649,2785.0166283987637,7565.3171523927385,8274.028049603314,5128.152634062599,1221.2539343601306
22,0.8277870069147378,2.4356307843158724,4.388506116446993,4.372814657804724,32.99342449145307,29.060687470134045,395.84134993805543,1802.58167235343,372.6067142751671,4.745422363891807,6.856409781331583,7.585095873632073,2168.285924197654,174.65750741747965,16.916200177835414,132.94378325931086,20.58681053529651,8.516085706402363,200.59607521786114,64.45546983113302,12.48897507027283,1768.560270405194,70.71466945489628,15.75527119429179,66.50496718347574,69.20515844813072,14.24947248965139,630.7988067106905,7334.512985611043,1456.041414899734,0.0,951.6833836026382,3184.9519230160295,1554.4073130578413,4022.677519892495,2572.959728608104,0.0,1441.1101374628238,5097.290465413754,1355.7270013218117,1084.0159780099048,4128.326315360013,464.69523673999635
23,4.046369728969238,2.1997666131029288,3.598280866135866,3.08412494223075,26.073053678815555,23.638437717139155,2895.313965804294,1536.0672536191762,304.3348708315078,38.11795755054563,5.426030006821801,6.183594248040689,3890.547020999571,141.8619183868137,13.856395732184438,20.202200578585877,16.1181007606512,6.876784645499758,67.02187791516168,50.47321618979259,10.09988416755431,480.70230591651824,58.24933395363995,12.978401970162098,273.13512472610546,54.4750109672609,11.536479246333899,4692.356571649847,14052.552219367322,16486.808292776965,0.0,4002.991887319383,0.0,3393.6947558775432,5894.197418792224,6197.070980338384,0.0,4094.4067705441958,17064.90215647379,3137.7891820515997,2339.063618059416,5879.815258954155,4264.166198999419
24,0.6500885344734476,3.0838220122935853,5.032177435597731,2.358353428621612,35.243738891707316,32.827945189722826,571.0279649338015,2206.487482684293,427.26338942039837,53.89865448756543,7.322330965186504,8.622797604557395,1464.2363337897998,197.31346124508406,19.783044737003365,1547.0884914589485,22.96287122520684,9.520238300767106,27.383150929257006,67.81587479320154,13.915088503174434,368.7063794379459,78.8745211076943,17.901407227353186,282.94009633438037,73.8003944099005,15.926290568521537,955.4984463038884,12663.64694883509,3926.7846743734844,0.0,2552.202184218747,0.0,876.3779227456126,716.0939947508687,2210.6179940546112,0.0,1068.904737808576,6303.650170969528,2254.3217863511077,819.3275978261287,1845.1529311713973,945.417559353636
25,1.06938494167509,2.501291104016485,4.058768628731098,10.829271213057561,28.0679302438424,26.556491705078177,2040.2888405878375,1808.6282571054314,345.32106478282526,48.95838288646957,5.708219347378086,6.924573636775848,5780.383810997984,155.82348617718154,16.053820435742264,147.55529151642486,18.307245056390013,7.760753134634403,106.47960755847106,52.747956044259276,11.107685849885117,808.2079814297435,62.60050486333002,14.469194326417322,1343.8018412923273,60.14364923795906,12.98902605482549,4187.333188616508,16101.143763851325,24989.23254282809,2568.865762289701,2363.28768881474,0.0,2904.3983743268072,3633.2822784381856,3491.3512359278006,543.6616873882014,2257.8420284642157,13727.479145820836,1632.6009908840529,2750.237783105729,3611.9930622967026,3427.1095049365586
26,0.5648642435123166,2.6233220403525106,4.277894343935459,2.0609173856469956,28.84257167066928,27.96207765232673,483.7154134114618,1928.847922272687,367.02482825126003,32.80054355198806,5.864785672406252,7.292994450415812,1793.0848550955793,161.98501862733863,17.16646905929625,267.1944556666391,18.928648880440335,8.281617363618599,504.60492043811814,54.199112953381025,11.657052952924063,2501.1674459064325,66.34564196296081,15.213632254863006,219.50883258671055,64.8388729922533,13.95228786308384,1676.893930045144,2832.743147847325,6597.419755195789,2918.585922513481,854.9905335684408,0.0,1024.7941049478334,398.1436379411123,7100.677694190845,0.0,1246.8796222843964,5025.651367587829,1095.2307132594385,1056.72540093254,5035.894245048477,1302.0866226506294
27,0.7033134523120108,3.5459485442099137,5.790537329729547,7.726085185394222,38.45975830857919,37.82104532815195,278.37474321761266,2548.3597833634126,496.2750319029647,291.38827443423577,7.7841885058639315,9.842150603203322,765.7206432480149,214.46293582846798,23.124740487035773,505.3631763820541,25.30633423506753,11.187862741252996,50.1765971613981,71.38902465791466,15.71654275795286,205.70683759018598,91.94780568268047,21.051079316067852,764.9917821110545,86.74821445915656,18.675139653868424,1273.5661663471008,937.1665297881166,1705.3118939297376,2665.460753568186,728.7982243240964,0.0,263.50777565717726,720.7124867066922,744.0418006540791,0.0,806.3022818306907,1493.828359173791,3733.619717647926,246.76990237792174,851.5925408536295,827.967235312533
28,1.7100660448095413,2.158911719273081,3.3902802984167937,2.9203175331356044,21.964333510065558,22.327717039869793,1183.9217083541912,1493.8158330251506,292.0479127422253,89.00694492596774,4.435563111012975,5.730745769150789,1065.1643131692858,121.99093757689482,13.470263885294855,1.137734273441612,14.370620190732279,6.515025479504397,228.89260374552438,40.43999825478825,9.201003336520166,23045.85886303954,60.609007191663885,12.129440806186038,223.4339978103194,50.04383588724446,11.096034083867194,2504.390908627952,4203.15242478182,3812.6212623382435,0.0,2241.2968319859674,0.0,1764.7828558092483,28263.283420246124,36885.3659883443,0.0,3077.4393963877988,4314.256785727857,2888.4430019385813,2282.448651150603,30909.91253341497,3276.83243064474
29,1.0835699904682434,3.575193604118484,5.533599927919589,5.7882732952694,35.20548365817261,36.30747887148288,174.720698381781,2403.3171953191313,474.8595210696352,418.9791861648421,7.339453160607066,9.348412759239446,2689.0878723956043,197.10471161642576,21.867414105710406,67.87916857438216,22.7928174084004,10.481991710046625,74.96609461202107,64.13836832395864,14.855631314613332,2574.83682986953,120.13065846383864,20.438973767830948,71.71958846027779,79.43714988134793,17.968532115448834,915.3758264227648,3480.85432261096,2024.3203241843923,0.0,541.9508364977376,0.0,789.0868922056014,166.06470219157927,3361.754080404677,0.0,640.5081255366167,2885.4653065552284,696.6482360191973,773.2966232064051,4566.710935518213,465.3025677464174
30,0.42497769756940523,3.53103212241091,5.515284848592114,4.358198811720017,34.51659688495385,36.368040580077434,873.165208215327,2387.478182980588,471.0838841784345,72.88551269698429,7.2242075294142065,9.374794777828377,2387.740253744274,195.00955646785962,21.755101058281713,600.6620955391016,23.120586937964752,10.42677056779335,275.54399964449505,62.76785420849846,14.66108439435265,565.1687383039903,129.22272299604543,20.608036927261512,134.3897700138836,77.01976469893637,17.83897164371397,3072.845679297166,4033.949394831941,7621.168882531224,0.0,1909.9307786754978,0.0,2019.224066093045,3762.6877953404132,2102.174537082523,0.0,2117.2608970116185,7515.4954496546625,1834.5986678859094,2365.1747662238404,2992.319941424733,2706.270314451119
31,0.4761403949475185,2.717743169999173,4.300380276176121,6.500185378446621,26.57400006397287,28.57043601405775,610.9408938142811,1904.3226015768919,373.9585144929404,93.01803745944652,5.519080355668083,7.254502542591812,4285.226970119418,152.2065264490114,17.04010431670703,1180.3026783688233,18.02462917623291,8.268171613280272,288.9969642389738,48.191557695947964,11.540057493237923,6343.087422514475,102.72281315161591,16.290729647744115,1375.4309870913203,60.907669511909944,13.86846545009539,2887.667612764618,3214.966344832501,9687.657281546188,11108.540942367032,2359.521555523792,0.0,1352.6846984339063,18784.444156616268,11469.588892845024,1822.0336202020333,2959.406771921732,8360.891133184234,3252.1197755893472,1600.518898341495,12333.167656747144,3378.505791142501
32,1.606484507225415,3.8835236848803474,5.972533785137248,23.43247250769011,37.455369791113675,39.61343863899759,1562.3902884677993,2694.0849976613545,516.8374693220011,143.55267491944102,7.487891376981514,9.958250164488339,1952.5511701662833,209.60610492100415,23.54671479961809,602.4327950562505,24.85281834555771,11.713149342462305,538.569388978185,65.26699974631578,15.922508845229485,15.649661513972037,145.10849535599326,23.1274756881014,5.281585304437255,83.99665154555665,19.285613245796444,2685.0612952271854,7410.499467391927,10553.421929029571,2333.6909298353053,3331.589861606574,1338.2973738064247,5779.27956381739,701.6618216010029,3661.9212305629717,0.0,1894.638038874382,10763.742413631224,3352.0843970670267,3558.7343949389747,2863.1297261079585,2250.361083458164
33,0.8473613378150634,4.143056353570156,6.373729717492546,4.611045199449036,39.462642045840795,42.349306365664354,32.94096382637902,2871.469736437268,553.4793436489174,64.48889794100255,7.778369051755019,10.463398709685174,768.3558997610476,219.29039486520946,25.006722616887792,141.86930782772973,26.088294700982015,12.452362306721382,667.3993947998366,68.25841587495057,17.051467255458554,507.36573761955975,150.3520811765347,24.275335080483174,531.8159341155272,87.48348919159605,20.288859996278905,285.4561397040191,161.66762704989014,545.3720026758104,0.0,57.25939566974395,366.13345779074007,858.8906817717462,5084.074511853815,2031.1556588781818,0.0,1482.778776315469,820.2258907442459,185.55419509945693,1204.8607524926465,1916.6595059130468,1993.4718893058032
34,0.5923159039018351,3.6268107741859343,5.652437210264613,1.9143660058069456,34.21512982875034,37.54494663163439,347.2622207362756,2493.244773075046,490.723238507107,471.6989082719135,7.019136533990454,9.275472629424078,849.0681360013532,190.3581519142219,21.965803577311863,132.5664530885343,22.743278588282624,11.041838118625027,494.65008078335336,59.66134019130703,15.193605360268183,239.80377806622562,129.95497743737081,21.525193672985207,2433.4840438821057,78.1739155930313,18.023474877118648,1066.0302024768123,4018.9568730123096,3100.623078802966,0.0,1351.6991361793243,0.0,1501.433657758361,673.0388829828806,1062.9099029128827,4603.749971781023,7675.665767102491,3666.492146855517,1216.4494025262143,2238.5071552357517,1123.3289092600492,6438.571907980063
35,1.5223898435375143,3.454092074899796,5.333089680835359,12.65613797505425,32.39268264703461,35.474709738117205,1047.3514756715897,2375.251141175086,462.7960059277681,37.25824603968682,6.568447704079224,8.992036806323004,3884.6833340910584,177.66113042927128,20.471686975773157,9.407943520390978,20.93760436348264,10.454782651822848,165.21217716615791,54.97010126005701,14.292056090859667,513.8292517593906,119.95081228729379,20.130477402072902,1387.7874708060506,75.69768354207184,17.41376359649197,3184.774759513109,17971.268692825557,13310.23500209843,2669.297313205745,944.8986380799033,2052.649266225708,1732.5888492054044,4796.488639229182,1892.5384852684638,0.0,3779.836903638498,11045.861565603924,1604.4031806537976,1570.2912106387228,5564.520954587949,3492.390938521741
36,0.29534759050303944,3.5120484582496894,5.484485445553572,8.330678347157543,33.113886956410155,36.53181389210969,4034.9067145503473,2583.2580489018774,478.65021942881145,196.6597243921962,6.625107983847821,9.214664370922778,316.5503968133868,180.6138849884493,21.36949922160155,1338.8048538161165,21.884025969842654,10.731323325505956,44.27090831759733,55.12681258713587,14.702953998716902,244.34518584767628,120.62679167555696,20.818930758670955,317.337127361445,76.88969184111299,18.041369601952116,7663.363813084609,8289.627212127913,9542.809253617364,5970.891124209456,8118.810786963074,0.0,4436.108432941194,10614.864866872016,5233.521693718547,0.0,4911.822999733272,6198.1302514328845,7114.705165805214,3815.1235351447995,8384.829406038296,3863.3266244580273
37,0.41458730114352665,3.8441866547620074,6.066538245891896,4.9593403232453195,36.05635496238867,40.32009552118176,295.8390586578361,2925.9914685087724,536.6139044691298,314.84593675260663,7.24702307719485,10.169209291128652,679.559083165648,195.50942735501138,23.45074445014826,278.6183011146679,23.965437507892183,11.910368982046217,664.2320701714347,59.765984671750005,16.232211741235307,5374.72829887104,134.3105718438531,22.969026883477287,594.5953877818367,84.89168464475163,19.844455020461883,686.530318418267,4448.128199896953,3253.8715304192992,6785.2771557826645,3090.1055886970153,0.0,2512.7007685807716,7059.49225315039,6502.690815610417,0.0,1663.6249670227353,3164.87018509701,2118.5525300850777,1188.2349761342468,5367.526629531396,1620.735507764899
38,0.29821820071309235,4.045606976999991,6.4669935880743745,1.1309232243277203,37.65908598943766,42.766678480362074,1324.1413088867696,3115.550488219124,568.7047824282022,5.1315902579360335,7.569723192134656,10.85693641544646,2434.165230006001,207.13040463889462,24.839469939057036,45.993065605553326,25.058722968028153,12.745509812486151,1987.351452554377,63.954035059528174,17.288893333337217,6321.939835456857,149.98281391854084,24.68885286604414,1331.1633930682192,89.7822925947784,20.967572040973735,3984.8847671807603,4229.930779732004,4119.616336500576,0.0,2057.9065882106133,0.0,9336.621680523871,2959.4712540585533,11653.353438318687,0.0,4643.589061638245,4127.061622536541,2181.311998777329,7848.680994951519,9329.504180202688,4475.662452040949
39,1.549989757875012,3.4031372441575467,5.3219383809483105,8.253142207136062,30.85120729212798,35.232600464758235,1125.0927534368404,2571.9793025293575,471.0151850682632,0.0,6.086814179275806,8.900801566212987,902.0010164922357,170.05922998923276,20.46522984350443,62.43323496916729,20.186802211067842,10.392441526968877,38.78634764924224,52.08249957652798,14.292938934786786,114.71405580101951,126.55196704285039,20.505031555112136,2362.229163339828,77.00019772261376,17.348741811767383,2242.351083944476,3036.2031582621566,1240.2363138972082,0.0,1796.992152093483,0.0,1725.8223544827306,48328.90243695851,1036.2388829924728,0.0,3634.107284725717,2367.479417574537,2130.0971435959523,1474.0869638183312,1412.0556529157293,4546.09791447193
40,0.499819104078228,4.464676800604078,7.021850342719208,6.456065732104774,40.564154449340215,46.5138030446421,546.6131570046504,3372.0895459124113,620.237728712818,102.36260882413993,7.9393152652947165,11.719869984437523,4354.738640133357,226.46274357507937,27.0155085702954,770.516731135301,26.93061413226465,13.681601382561668,228.09289037521887,67.46234989028899,18.795615697014604,1389.0366613289802,164.23535486668248,27.400979908007262,613.6726512025424,104.20819875631801,23.078300661299828,1157.8493618695047,6992.6309164865725,2854.483779340699,3655.4285769695052,7971.423045507534,0.0,2925.330006316115,747.2673001261622,4795.922128873452,0.0,2506.3794331528934,6623.985290406254,1779.5463308881892,2056.3368015503506,2885.7411561718905,2314.880450633746
41,0.6047558756611703,4.095164778021517,6.438454976786144,0.7376326160848429,36.53789855684713,42.62488601378999,1627.4059111588542,3123.2139562443604,570.5331928295024,0.0,7.130432288375935,10.724134100473838,1731.478241593208,209.98965711214595,24.796246555276653,1033.4266974709678,25.127922795978527,12.778984586165938,378.5872499988845,61.016526368573665,17.243375878761764,2943.459793340491,148.9835223866744,25.097382572897846,311.4613062801466,94.33212048030867,21.307330251165112,3378.9702754508007,13433.46219078877,5405.841007082475,609.2104144594828,2133.635957027202,4481.650768227061,1762.2347730849785,10787.078919586193,10879.563096776455,0.0,1894.086982778621,10363.931542502067,1423.0921500891968,1924.3527893210137,8251.280826198623,2041.2973234168367
42,0.4806185411803739,5.307061917268138,8.384467938076714,5.174559769624416,47.328499459623515,55.404431208393454,170.00947610064588,4064.677303753887,746.0357402889492,202.81250124710039,9.281592888538249,13.952579807277473,957.202698715747,271.69547181862123,32.62150473420331,477.32126114426643,32.5705462953129,16.66950374142547,142.69122197364013,78.3963029693099,22.582883907773617,1351.7221170622634,192.9633488419727,32.906530131433904,102.93108009528447,120.7942278668448,27.760009691209145,1097.886929204118,1712.4207107013997,1778.302774854645,0.0,2067.033610750632,0.0,349.6780379161307,2145.477374722078,1573.902138534936,0.0,521.8633859883577,1880.1042033162032,1582.4113390073344,404.99668372451134,1740.4034895874863,464.63332936727414
43,0.588770842322612,3.8975222472501434,6.2150037055314575,2.5278695727137626,34.4413688270415,41.0425932281899,1858.146140736722,3009.671848632132,551.4673148724213,64.17488438501003,6.812436673778825,10.420078467970544,6325.215232226729,198.97126463630002,24.229517613091797,106.37402172277645,23.69906633094145,12.429411067565304,1140.712674490544,57.31044595747384,16.65585891093631,4813.455606907449,145.35240210901318,24.384510835329785,3023.24351382391,90.35013699190078,20.473704400683193,3330.3620149587455,23592.983358182566,9775.728760360758,3368.657685563941,1932.3846488792976,0.0,6946.264108069616,3296.21076576029,1236.9957159514886,2530.841988283064,6656.642984182058,12125.572224730637,2753.916800818988,5516.8871235887755,2459.3812555752115,7870.663098503582
44,1.3788694587755688,3.971730077856893,6.189330442379096,5.616111465608208,33.78541120907208,40.7263130469027,3377.69961137342,3029.3617260363044,548.8930087770508,2757.4265921151646,7.512473231993607,10.434449941156902,1631.8271887655922,194.81647783752564,24.242895398436566,160.7419133923311,23.115199805370857,12.354181418329233,596.3968237087414,56.53289269407318,16.613848614298863,12116.504892901727,152.34957208802115,24.29410666053762,357.50137920198375,91.31303270304264,20.673405684385862,6346.210561639656,13177.549043963878,1076.8967370361033,846.8501485847573,1945.6356084700496,10235.657794471568,2259.067408830199,27980.148517146135,30863.831726740777,0.0,3140.0380401543443,8927.307097891886,1381.3494738625864,8600.765791037395,26028.710776464588,3916.762563341792
45,0.5431016107304315,5.864110193126803,9.172800183622314,7.0859424482190105,49.844614869181065,60.25272115467203,56.5464719443006,4477.030872355405,815.88082501885,127.0661928639109,11.427090219110164,15.45812638223744,1527.5276339488205,284.89147613980083,35.7069586239142,1296.9287711792404,34.82457342908627,18.225269353993582,158.75919650879737,82.52630912306277,24.862125517539287,1007.8155128190702,234.28381797747775,36.04137507004071,1171.2419907714166,135.37702888190617,30.48222215229557,382.006815335837,2089.743625021912,3229.6804307254315,0.0,1880.3670159097526,0.0,941.1123362187882,334.808410933354,826.1351062561655,210.31681172344906,2616.735804054239,2384.7246643075346,1284.107654595046,711.4520670614279,1440.554636225325,2688.5569610516513
46,0.3682179440238699,5.1482028511831635,8.163215706113073,9.192288943749299,44.019408144620215,53.69919918954224,1223.0635175225748,3927.6949872195196,722.08017565001,387.157626444731,10.189312499354802,13.686162157750193,443.66008717467116,249.14786795604286,31.50949267614034,6824.167820379222,32.44055553984819,16.33764106468608,67.98438110989895,72.0124535503552,22.263010135941123,236.56547889301407,209.74101951764752,32.20223048965699,1618.8816237506264,122.80961954844031,27.304691904235426,4169.357610418923,1246.1070102709348,1776.0595555680493,11847.606110176372,17723.530666272913,0.0,569.5119619563882,3675.6890093174443,3339.3965393590092,465.72738403986295,703.6407759481182,2979.5736676976303,11472.92086167948,1297.2622376405736,3218.1137359110094,1356.4677060484812
47,0.4370665782160204,5.909277198664146,9.471595371229949,5.551186854907908,50.687325759663274,62.17785718033785,1342.9334909641998,4554.592649048516,840.9235905319326,19.14860836309179,11.644296596905658,15.817867463297853,196.93145000119392,284.06955267314635,36.27076555194267,450.54576909216127,39.06429398285576,19.26227146876629,2095.009598500071,86.03235802349623,25.628280839345486,526.0194163101589,239.42098418485415,37.07498738238542,43.58032096765388,143.06179337802718,31.81623162518907,4000.9273585638625,1400.9547040198204,1554.7255844329352,0.0,2121.09434706907,0.0,2764.097284477093,315.90596885135164,3243.523356921653,0.0,1589.224931682652,2535.86751111219,2364.0367563551404,4398.107869453338,3129.599270383455,1405.6544724066048
48,0.3849689556903001,4.3768468408181835,7.088174602064704,26.141290258598183,38.55070110011424,46.665705891153955,2883.296339930165,3453.9244817424046,632.5374336732125,562.9545803280299,8.933276525342038,11.865705700756656,873.103047806207,208.78746476117897,26.97801588720406,72.76910921322413,28.758796080732466,14.343900431930935,83.80215721819349,67.86985790864199,19.488123600750754,3258.180398135843,177.17663046859158,27.56070520417702,221.20414090183647,105.08341970546896,23.665559724159507,3973.110678716183,5434.749907100783,5844.296487020075,2362.3059610275814,1371.9668224849565,0.0,2531.2465595170374,18101.158422191853,8057.432413793188,0.0,5108.935796790317,4518.196194285126,4501.586927443385,3514.712142112217,10919.127015662187,4898.77887904932
49,1.0315944381234738,4.947032750996606,7.937328526031449,4.771965640998628,42.94329136919707,52.30155974981658,766.7003015109565,3885.888240955766,711.0546163613379,36.97064038371968,9.956050397467365,13.33928307470101,3415.571493760766,234.82218998693688,30.232447667728763,4.744130398148311,31.616561512111904,16.047223453623896,336.25842675071175,75.02916145252642,21.731284724697456,1006.7668551697044,197.22722690889287,31.247877895021954,3622.7435208409156,119.94748563832678,26.51770141436079,1583.097587402023,4417.110259617172,1287.373457733409,1104.32130460655,2660.5328332488098,0.0,2097.8371822205386,4972.972636341847,1806.7734887802799,0.0,8125.562226645107,3196.976695133451,985.2950963711522,1543.4079738718365,2144.5963505094487,5783.541855943147
50,0.7917991103800257,5.768999068830748,9.236191892803053,27.50208113122562,51.12632610770337,61.00208512395533,903.3630635145256,4512.857160509044,827.5579815898357,25.079165645424073,11.426759945569817,15.45455647603327,1044.8954338691588,274.7166787851582,35.18786617330658,217.4643418190892,36.3013517138818,18.72798849067224,722.6132286449434,86.34250116291958,25.355446577162972,315.3641265435463,226.75970007229154,36.31592934448637,431.7974671140293,141.0364218109297,31.193380379045024,1337.6868469577744,2799.714757044221,1843.003740958111,0.0,733.2027571298773,0.0,4393.765612151595,0.0,804.5779999029298,0.0,2053.737235598493,2303.53723787148,876.322085328134,3507.6544948314004,1054.0711188699588,1989.9438664474262
51,1.110134534222204,6.3463229591606165,10.100605212436262,3.2632982760299916,55.562521225238314,66.96797294303464,225.8217035492007,4894.2564963124505,907.0918511099726,54.340117476825796,12.320214894361067,16.800978394943378,194.2341786090512,296.417380232259,38.46923387521368,4900.373345615043,42.0761876649391,20.500572048440556,998.360487346335,93.93825363667828,27.665243083672973,1200.9196225780884,245.7936570349839,39.701518698749744,6.760373110309348,151.93505223936583,34.146210883818846,1138.4494394458607,3506.5146625729326,1002.375372461137,0.0,4454.726008341579,0.0,1195.8417721387584,231.541357290868,3381.541627672943,0.0,493.29071907925385,732.0001806180976,4593.134568102599,2013.0316238091782,2711.9472218890733,412.2314818527047
52,1.1802191488755465,5.534751516990575,8.676178509017765,19.727973372678104,48.352240799596274,57.54792044642059,802.1605426602941,4190.739600223679,779.3689043924295,1348.2033055734178,10.751423554970515,14.432203145095585,2541.913015686426,250.7787135330709,33.055940969826544,2405.4931104749826,39.09596400343908,17.805218372302676,74.3736854508732,79.8873109030129,23.857775642682935,337.0154410603416,208.99900623226827,34.17597002450383,91.15100638380052,128.36552087835858,29.141581898835042,2015.148476310583,15955.716679503656,4106.100243888573,0.0,4823.426086702228,977.4703869840727,1205.574871340915,527.5522360930644,1252.7863730899514,0.0,1280.9972316888854,7536.841015281809,3848.420515665412,2319.957376082108,1119.920179053697,1037.0456351147454
53,1.0104220052388575,6.174196478089807,9.702070442191014,21.742575143966143,54.89064862430658,64.43917053907776,711.0988016403835,4676.42666446531,870.5325158292346,1030.349937375667,14.110319784612223,16.245716331797553,547.8799105933116,276.57037465442977,37.25881507591828,284.55986949879906,43.95380369033148,19.948827839616207,1376.8639274509283,88.49218779122069,26.523311235931253,1707.2332982668079,231.12229954670917,37.977200483502926,165.11100889662575,141.2979253111386,32.42763981583962,1573.9632229339472,4160.93046475136,3960.8927660899612,1468.7128807849438,1107.5800910774778,7960.904222577643,1925.5774515755852,3142.0206055155995,3992.8719357146365,0.0,1559.1959744269536,4675.209469900826,1732.0335142449937,3169.7374762497034,2569.479919793174,1559.4712887121348
54,0.6237991388377302,6.507692582563336,10.241606614537485,1.17121810780436,57.446060025026405,68.37184381099821,1614.2357627360986,4998.940171755611,917.9536674383779,119.08608727071922,15.768840232059619,17.420606083502324,347.8797624890697,287.61876283546,39.25723304666036,89.6778653344598,45.79453270642772,21.072943540420056,1548.164583141071,93.32052667809575,28.121039573844314,317.49838612025144,241.72074144880125,40.156979875856806,1605.068313859373,150.82037251726084,34.20446483668599,3056.967711817544,1382.444698673906,4818.185519587425,3645.857934885782,3213.7622159234666,0.0,1062.3898445952993,326.6338263116244,1591.033543981442,0.0,5119.102461671477,3304.8884579479563,2880.669840152304,2113.050572222373,1824.427883376233,4688.793645555441
55,0.5442092006352292,3.9383390726458547,6.2219801700458595,7.459401416970108,34.62540237248122,41.69317639065375,2070.8765362760914,3119.5658632702416,561.6454528172193,223.79326095159226,9.479021403781859,10.581938512686575,575.8980935548626,172.7127931930673,24.01850849411113,740.5753482651202,28.04267370111838,12.890081602176393,74.7569141695944,56.44812793783265,17.278774947039217,4571.825658081599,150.8888078504855,24.258992376807004,249.57971034060785,91.421181585002,20.866918453070674,3408.374962155859,3506.3357198903905,7270.73697853335,2358.353377197365,3531.829495510466,0.0,2202.8544811903535,13748.358660569065,11671.969295233977,10540.193945989071,4564.690967879008,5301.781463284711,2713.8176330359865,2532.8896292207364,12517.557851548758,4444.195185527454
56,0.3231773134816466,5.301793191576804,8.452992729858536,5.117546311214362,46.61388468688262,56.63085573278663,1210.6726385496393,4288.731156618274,766.489498199983,0.0010815674754106755,12.67485807798429,14.184921948861295,6349.908156347496,233.18274333820256,32.37191914369693,1874.7886305910029,38.50413568506821,17.635816626191435,2527.8548761802945,76.30224201073516,23.419529333700495,646.4187925564931,211.9656062269017,33.63305857793427,2229.6732038591217,124.45277870714803,28.34517296071628,1995.9174234121504,13877.618829560335,12121.662142652747,5027.783897333906,5823.766932244204,1793.3985243089994,8228.855767690053,6251.309504950124,5869.297888281583,0.0,6482.57484845093,13686.245700514355,5486.925170984388,5823.97163838685,5433.196104506406,6442.936966826085
57,0.5134466215823097,6.174245800924231,9.893624820291302,2.407296562168309,53.9210708156989,66.24827306901689,107.67185413602981,5009.576053011725,899.2240024920843,1764.4755295695418,14.99416649579048,16.58348356327195,3702.7862913833455,278.18270356256056,38.407877434641215,1293.7377216015427,45.49091561092935,20.84826007718348,648.9482850018734,89.73296287539812,27.633809547949365,389.3406880920333,245.93342270307528,39.15606091426786,2385.47273541896,150.33599525614827,33.287960320763965,726.2867795366603,7717.056554982396,5316.15384647376,5310.195710335978,2992.180151457531,0.0,1091.773262880809,3489.5545699855525,910.4866850862647,3048.417665705376,2988.2052934826556,5895.630284964213,2532.0519028668523,1114.0023173560958,2035.8053192000825,3305.177657484564
58,0.3836568252882358,4.778920400167296,7.72901409584364,2.2553091615004863,41.56717496109848,51.735426355063424,1149.7648167015318,3898.797985556154,701.3653527934039,904.6813280912106,13.257706413864078,13.059078369024729,1333.2403793085691,216.83540931389956,30.191129112804052,1702.5752131804222,35.646088265366586,16.352058368287945,133.5514740982413,69.546580600015,21.607675403500405,7591.692046810451,196.15522866326992,30.540237433686823,679.3839533099269,119.42183673052607,26.13539904026933,1817.3652086949305,1250.0214527248347,1706.5741715194326,10081.82835766994,825.8627148527511,0.0,2785.9200020461108,22238.396651848547,8909.720790705622,0.0,1770.5551196001873,2024.334499842128,6286.863084732252,2762.780989111641,11613.234344391904,1842.2126257160946
59,0.4822176156443205,6.249319407279375,10.151012063449757,17.82250007985796,55.041237518875526,68.0781790577646,272.1764218655418,5076.522709706492,920.0074476157016,0.0,17.798231430803078,17.15981444096619,49.349301016186686,281.6073598761322,39.60968370629154,896.7451412496614,47.1032493265992,21.63121865227908,1315.5686259553136,92.76051570416652,28.33140637712089,4602.890278892611,265.4194162654653,40.74440965718396,135.73247188133752,154.97995959568667,34.244750347077336,1842.8155896522903,573.7347928422341,883.2714344214361,0.0,685.4377783103038,0.0,1266.4213414405635,3017.3051195353487,6671.60520097261,6242.467194639162,960.0246759664088,1089.7577928401006,616.38955105489,2208.6542588697075,6099.701559434535,1252.7544204472922
60,1.0435886681675866,6.47821924298668,10.482076136572443,10.352244822007645,56.973732433238204,70.47750683620842,730.1920361124827,5175.688411445767,948.4194122035395,135.23355518921142,18.23105171987381,17.70523280478636,606.6516468943092,286.7507698397845,40.605393362158736,13511.234782107038,52.954553631324416,22.284206469503218,290.88163859116617,97.6634711994374,29.427818301646113,1674.1513835935891,273.3143373969623,41.98462065521462,2028.5348832497737,161.05290534687126,35.131855252559795,1276.010878793187,3465.067494974049,3607.6642487343483,2524.8938320538437,18131.326500650055,0.0,2360.3360216815427,2809.4509376659166,5729.387455561089,0.0,359.5643874663782,3551.306548902489,19020.491542759155,2034.5830311625555,4237.094327141921,1502.96614808081
61,0.6728248165295342,6.766629288054765,10.939162240317268,54.50216704953725,63.77841529894182,73.63670308184875,1947.7834088908107,5418.837941354979,986.8611966402339,0.0,18.735949181474552,18.440093488104498,939.695519986078,295.7705005914022,42.33939063814271,44.139015111626605,61.97466827016923,23.683158042251826,5211.038979034141,102.05137998011907,30.696419821494086,306.89803215508266,282.6845267823209,44.05385788279452,2330.9075783864623,173.1845661297623,36.927120029506206,2028.53301402323,885.593851869802,2752.6373232743376,1712.4583470136947,1806.847551181327,0.0,14728.413516037912,540.1026166008959,3523.825131836775,0.0,4614.229251286004,3395.340877361901,2533.383862271174,13620.222148555122,2488.3734680804537,4015.081038535061
62,0.7185460846128664,7.386611494398104,11.966498410069116,13.87374465757835,71.07453018699783,81.1174886790332,946.4422317878316,5946.925355151735,1081.369340958814,7.7212586467420365,20.212066241596585,20.052010121175734,1598.9234808481024,322.64079119574785,46.247953821899486,145.24389081245502,66.97398650036006,25.814523445306587,1034.3520583597442,112.02936206448317,33.878878439288066,636.5590148026154,305.89076981322256,47.93827130847359,3129.285758951923,193.7257059922567,40.437467774843,1905.2823509708285,258.8898057177332,2791.507282805929,413.98727388475703,587.5805037413644,2587.624000770004,6191.843688769751,0.0,3038.64052970442,0.0,5469.3444239246755,2188.5335085130537,427.7701454960463,4021.3061682170965,2613.7290403502325,5682.423584118591
63,0.8843437729274505,6.020711347343153,9.683939883456057,14.107910534565521,57.48966096457525,65.88404989167013,180.08738398899578,4767.41294644219,876.8582495208658,209.19891544007308,16.262200809213503,16.237611383881337,16023.774424876747,267.458937583986,37.444818744474745,1203.7781285651188,54.28059166448472,20.863381493434254,753.5463035627032,90.22634128185804,27.54700426257654,724.0906620157874,244.48440647869006,38.728936569585926,2617.3202480649297,160.36476702712056,32.902743345397035,638.5947203861433,9478.315021986817,24643.593877456653,1038.68205056688,3146.4227574020088,0.0,1523.2627369131985,3663.060031109674,1952.168427228039,239.04717074769727,5618.75958316188,20908.22138780429,2306.330244923157,1159.3622659366058,2064.6279430815403,4107.724362185746
64,0.9453981585098435,7.162985038307368,11.389245626068277,11.24447770941658,67.65829381835418,77.46515747593112,1571.625495940694,5597.272758039456,1026.717179598156,761.5240707818882,19.42400821163949,19.182982096085226,2327.6841369441736,330.25711467182515,44.32187457982726,812.2441402960818,64.40411003374399,24.542515478762002,172.0882289648588,104.88732534553762,32.34623271263511,595.9460691215501,284.1451132289614,45.52050685565759,474.16796973133717,187.12101617573487,38.616480354312486,2416.5832985734023,3512.5120966946533,7884.767263548771,9528.92830920343,1979.582006005716,273.57154426879424,2401.017982494891,0.0,4031.635163599554,1743.5939724751986,2962.3162613447143,7439.295042829879,4193.006125038452,1844.2754987809442,3479.0457000541087,2324.2900976031833
65,1.7833501472131996,8.388589550098025,13.033642596403128,14.510630302343378,77.52249240935458,88.7471164670863,832.7512433446567,6433.841403291307,1176.5003640609787,397.32000166721053,22.737954318662542,22.22765304772361,360.7365051155337,374.4974349255446,50.84892747324025,133.81751733468985,73.1157083573115,28.07881430407115,729.9252797601662,119.15933373716824,36.95187906834697,422.63936993729146,321.39269473276494,52.03039852417143,62.19217480889893,211.84683708715838,44.37002919253192,1563.882454025066,4880.757436201173,1388.284304303293,170.76980606216603,500.5246635114288,0.0,1415.6210626060831,130.88145976831404,1850.6210937225642,0.0,1139.3204813072373,2343.924332525822,435.15661981963177,1714.085735196968,1467.7778901704842,1301.507535438887
66,0.23121427275383094,7.78133366974814,12.18422882144316,1.6171782847978464,71.77896554853875,83.08448418938123,199.53151364151074,5960.070221484082,1101.373623761155,4257.634695496391,22.814782874850597,20.98860208060188,3657.1712166183893,346.87599612078674,47.24901726599544,1556.322200232545,68.61629733622827,26.256606615459553,1772.8406248305175,112.41593542221268,34.60883007126365,500.35429025073717,297.3614518869777,48.60841065243626,923.9903800711223,196.02709928450528,41.31239338728833,417.6984366050373,4222.073548612572,8011.844977343306,0.0,3848.805406905698,0.0,4441.793360848845,1787.5848776363514,1785.4305526511296,0.0,3236.2163853448224,4831.612043456839,3102.435443065193,3742.419037891304,1729.7080831674468,3396.2607311809234
67,0.6162871218466929,6.367582166434844,9.970532447120412,3.2864752623617925,58.193642791723505,67.93605631640519,1223.8444755398195,4848.549581244748,899.9221137699012,1013.2911370018811,19.80459691631584,17.263446681844627,2341.597912457735,282.13613971066866,38.77449506157832,2299.5565930886055,56.031137894178414,21.598301671518794,37.53488107081795,92.2152757977014,28.4842142696615,610.3804391332071,240.89263817869752,39.71929410622858,164.62275321271767,158.53862210364895,33.722071414756776,2694.211981281579,8568.973526353308,20467.297054891915,6548.209239857359,1424.6728677932251,0.0,1375.2932579510793,2421.352002630001,557.5806627935931,0.0,1264.7321827737378,7947.867891846384,9135.626072551611,1416.457848359838,2667.1047603293077,1231.5591814917327
68,1.8097601930589664,7.400671533677072,11.518292334421083,6.543637967444911,66.8008679831619,78.36548337039375,673.8401786450443,5570.621250944515,1041.2982360203791,0.0,22.87369274763303,19.882759018100987,2292.918017047983,323.9656017224048,45.118657836066085,5296.168125991284,64.95425782414877,25.09509960721327,74.85398465377612,105.17064117408478,32.7236102553656,2653.525694851901,279.4482726367646,45.76461682015919,1005.4222234335105,181.68567449013466,38.924526432113765,1895.8828725322314,9549.73536374275,6085.484476193752,15541.276037233392,11305.24620240013,0.0,1483.7722124812876,11080.648562323146,6314.767377836833,0.0,3235.8401932275456,5050.564912818834,10922.066868332167,1391.3273440944859,7711.514352796532,3046.1710674652054
69,0.6333577781323101,8.44368905350954,13.194739434734325,3.5719357221205312,75.84764690537123,89.68788865219669,153.8522276328333,6329.704691451692,1192.7261631111166,154.68545135046088,25.930886837431427,22.694348356314485,3981.3244437674025,376.55493291185553,51.96690188541106,180.65053435778688,74.89031206785047,29.068264911057554,1187.5783033623593,121.03259697205362,37.3351601064388,2545.1491416342683,326.72226197747045,52.68141637994027,192.4896479650434,206.2020771911734,44.524347351580175,1195.187160524468,745.8849770786036,2418.6170794818345,0.0,190.184907822043,754.7624494439369,1977.0504002398402,6170.445622543553,3507.3224601297793,0.0,1475.1160323148401,4057.571800608382,298.2023120456159,2640.04502125082,3643.840870891055,723.1293441992761
70,0.6506827200715706,7.194989157576637,11.218143556740767,6.438239903795045,64.1868071199349,76.44469291467098,1839.0024604196346,5427.903235883151,1016.0212651295733,74.74744156412565,21.838076492201743,19.265106881179033,1765.5083502374207,324.2915306422754,44.19339811071431,151.98982481430642,63.03908167886459,24.736019684771453,224.19117493988404,102.6951245775092,31.774528647245972,1415.292796429241,280.49713077655144,44.879038387544036,241.94002937420777,173.64597175198256,37.96298467779097,2401.7145090291965,20260.02306128945,7596.881713342665,1965.8586037875868,2361.323868409454,0.0,2829.7956400382045,6500.56177800842,4406.553286278559,0.0,4302.072865838675,11272.603846279872,2979.158077473459,2444.342431612237,5784.492966680213,4499.023950821302
71,0.8451044415264286,6.446135697279911,10.120900446549674,29.13388910676932,58.97746232424763,69.08073585414587,3597.410469860385,5021.202810423053,920.767691156339,1878.1576338032603,20.514575977482135,17.419166249142446,7372.840732698783,293.2285189056093,40.162711265591504,1707.6817582516835,57.031573030344255,22.370920909942363,410.7757931179202,91.85827481344253,28.68111556553121,2839.219424469864,253.38612331130582,40.3449757016381,304.8840905660094,155.1485937473716,34.3907845345319,6118.393797461605,37585.421247454,25999.73499713809,1062.1138786279334,3454.852725069443,0.0,2857.4466360383008,5959.915171767047,10974.163841249157,4263.020753755027,2997.646173148394,26974.93200373474,3253.416508823536,3562.4768514971843,10571.530901165555,3316.4460629959526
72,0.36507422342647733,7.617196031585261,12.021427782214301,8.214687508618285,69.83349917048339,82.09186520607912,1876.791496544022,6022.062990637766,1097.2565027746355,252.11107323418148,24.511081136590054,20.807557813062157,893.5821518277126,347.20850670161445,48.15484446293928,183.01563394627001,67.11990586208185,26.564911421563757,121.9751902577172,107.96458653281863,34.019420230702316,1056.7446171989782,301.3012039875479,48.04391607013782,1256.1019488306426,182.61105022149874,40.652904323863005,2915.9892487757356,17557.819359760684,7541.064122642094,8049.871283576754,2059.979396939674,0.0,1535.597017406683,0.0,5102.948902591127,0.0,4576.141753411895,11384.276837897556,2376.8915426012477,1671.2416851997884,4352.437905078549,3966.767173636748
73,0.6522084434716101,7.559239751157458,11.988917143325635,11.575062322440852,69.65300481171096,82.02491768705681,1301.0912975614776,6008.9831559723225,1096.1368844319272,1153.3806440750911,24.34636558076327,20.841487585207986,1096.2464012041983,343.0753928967355,48.04980078489999,1419.949892053964,70.43219079947058,26.467308508903443,40.34403073926388,106.41694137541437,33.82787804310452,673.9219108089434,298.5015776399465,47.875472559899904,1485.0405427068993,181.35915029570293,40.795979853460665,2928.636035567658,160.40343094584023,2495.797691837157,0.0,590.6282846786198,0.0,2952.062327175377,2352.1050125185143,3994.75437415275,13930.174774639905,6973.3921556302375,1784.3096866537635,1402.420810733119,1077.61265427958,3722.164770939821,6194.775035974828
74,0.45492218265321294,7.836580728284263,12.467605100422032,2.7711390939672023,71.82895370479429,85.37809328410263,946.5271960092309,6234.341764273199,1142.4417171057992,645.1556778303574,25.146168231843713,21.63709816285714,543.4109637250588,353.3409054877623,49.8717254253727,1366.1933009919571,75.53743796451703,27.678518046193876,165.58843431633017,109.66387821636943,35.204388523767456,3387.1834284069196,312.07757872856865,49.68128223198936,1570.1543516627362,190.35230635006278,42.478296890980154,3085.146702552603,6219.630182775107,5339.068120277582,0.0,2042.4181584214896,0.0,710.653108043321,39.4026921726545,7453.921553136141,0.0,1864.2300234873587,5719.584221308998,3743.985531242299,832.171344337723,6195.223087936891,2665.924371352763
75,2.026319876402932,7.288889666609949,11.46960803950133,2.3850616448873803,65.29519354147894,78.3068551950685,418.08462726783716,5712.130744409383,1051.176978408151,4012.9132175034806,25.621217324495056,19.830946505112706,439.29499897082985,320.80561840930756,45.970873458328406,1842.727154296093,70.3289516259793,25.50495069513035,2256.2653437209074,103.2456178716696,32.29943708770453,1899.4640536567551,288.9876667414889,45.7711137310091,270.86262597772327,177.23215777933987,39.296480599888696,1066.7566012833454,1438.6051937079465,1485.8335017689058,106.28930939736166,5782.584095074566,10108.849023259318,3944.193489291955,12958.089877944667,7010.3433733275,0.0,4983.502711803144,1597.179433385583,4999.495657697381,5426.304811334713,6723.251402983364,4331.336886466269
76,0.6680825041869178,8.783045574764873,13.777622598448596,8.00479844501069,78.07637160913434,93.97849095641568,420.9588410765952,6810.287695256354,1261.2100561289762,0.0,33.943541020723806,24.215831189214178,325.1973822699625,381.3126096488683,55.00221392491962,40.40553349954641,83.84262298182486,30.575112688032622,1133.343766339486,124.72267533615234,38.826249990474764,1876.1495071307515,345.2522882893422,55.10108882846277,160.35516074343045,210.6071873951097,47.19285602230245,1189.8191082809572,779.4934851621956,1158.9985495606968,0.0,163.9256475646712,0.0,3973.5621902381818,3783.929703668851,5678.635310516009,0.0,1388.6025761709664,733.6813196647182,732.5753936019253,3702.5853486125757,4720.543797544464,1445.2974003409092
77,1.1536588506146657,10.144358094701643,15.866942467904565,7.8149733484884605,89.55061116093873,108.35479157146871,315.1148835815855,7766.861233843625,1446.7764780473433,587.2406691731672,39.214296260866455,27.792340275668963,1252.8648334291893,434.98077028554036,62.891910254136874,8330.462585947487,98.50304924801193,35.120550556828405,316.7736197507278,142.6550167269939,44.79439671316089,1692.3984943669202,398.13133477973406,63.350380516084186,139.45765566560544,239.81072877168648,54.40387088878433,754.0181993256219,1447.7051953391608,1647.1627563152101,10367.146912789589,4792.2874750997535,0.0,807.8211572973717,1775.7260926427841,1096.4202826804724,0.0,1109.7730305207483,1800.8566183322512,8323.264540109032,602.4219966395176,2054.2953717953405,1277.7251927274153
78,0.5507984163015605,8.159858799039739,12.82447305225059,8.714137790576492,72.38422486495325,87.91252419696413,1881.5780106544053,6296.774322260962,1171.2117969861574,325.20159621640477,31.692096209385248,22.561847443622582,1037.8297726318563,350.1345081865356,50.97784404582752,14.995052614473915,81.14660288132963,28.559337756144966,1127.1629685349424,114.71410097078594,36.18207102946138,565.6572646327053,324.9113451751141,51.39031669925506,1106.1781035264155,193.2324473934438,43.73842099527738,3066.298902165291,6624.827548519137,5769.999169950566,4123.417977828603,2673.3038800286376,3386.5344865858497,6465.271271338658,281.6820966844243,571.5351825773001,5888.841775656503,2491.7351009763543,5555.49554817535,2118.4302979041317,7098.206921475741,1248.3005793530267,3940.2127016496584
79,1.408629711879038,7.0351517620578665,11.01163682479539,9.366729715111966,62.341617678772884,75.85778144618918,5894.18884972191,5508.770770548213,1008.0360948252529,0.6108911986556332,26.957078612343253,19.427588608733966,8828.22794108282,300.75627819939035,43.61051634950918,1000.1135653303278,69.12840185351337,24.555495157127773,468.89506317102496,97.89875806685804,31.28471538615729,28.08154768314974,275.88022076681165,43.96290558616267,565.5750032245583,166.20243575021397,37.930955739053495,10408.387133165865,15948.641238046357,9159.840787279827,19766.375679074576,3391.4960351213244,3026.683603861245,3804.6385651089868,5558.89560685555,8734.178373258223,0.0,7149.386455772023,14091.465502132796,8806.04163725799,3438.700738354264,8069.654561720069,8068.784830297927
80,2.9766979651941443,7.924730145440501,12.120338229314413,18.80052058005293,69.33221679112228,83.70500138215785,508.0021350114899,6158.10696072674,1116.140963822591,66.92572332660421,29.347671765884634,21.27117627294086,888.786528767864,332.0795528199328,48.40827799073223,67.40152223616369,75.35183920954849,27.22923682224718,786.2153835416456,107.07904952983536,34.42041678131081,4473.147577955054,301.803539695078,48.05435987233175,190.2959597207337,181.21389396595373,41.81937553658075,3790.3761601453966,4599.47509107182,3176.387369733614,0.0,1728.5914555626423,0.0,1818.8781824173905,14984.540561342053,9966.94634047816,0.0,1496.967298029168,2229.6424124336845,866.5084022192046,1724.83075836717,8759.155036201408,1222.731054740389
81,0.40041860752223896,7.6870375385024055,11.810196146721719,2.289868926317587,67.12508313981927,81.50761949333592,311.71363167042637,5964.489346100332,1087.7412493720133,0.0,28.232906481529795,20.53270794185259,3602.8584883203475,323.0431067205684,46.98238110518367,2.1996225964433114,72.50168743526768,26.46752872964585,389.1895174104534,104.15893099846858,33.5149483753916,6428.921618147677,304.28091290091277,46.99045383225806,1989.3821101529222,176.4282945361212,40.58840778414883,735.7627749663094,5929.427306011308,5214.068665985222,0.0,2112.2899228881597,15.528701054932753,969.0945998528201,10488.025043676605,4068.0247510872728,1471.42722442971,2134.54603717462,6050.943896953768,2710.486819606982,746.9333605880315,7736.317323350725,2204.3402045779085
82,1.8679677173900262,9.507527314987506,14.398049830918708,7.442384494055346,81.38060120748386,99.14101601864854,491.6845873187367,7227.221775238435,1322.4071147186205,7.636578284763096,34.02650952839957,24.830982202891196,366.0604275441307,391.4370599388125,57.16838993466685,2240.4033139015232,88.58392223501855,32.200572728233276,70.24620543352944,125.9560461216891,40.76341563145725,224.10857572864447,386.00172474987636,57.67516312351802,169.6740126321715,214.06457144042272,49.489707338098924,1531.4552133512655,2676.3646567279025,1311.049889658352,711.6108310033469,2183.661025853952,0.0,769.0398505868773,5020.04495171908,1996.461401501889,0.0,1492.2734311594477,2027.1785654424139,2032.4030604024256,792.2170991231598,1454.5653762350194,1139.3152465728122
83,0.38922747959119913,8.984483551230584,13.658001943051534,4.1846376078336505,76.94001429342677,94.19180150871324,166.55779293968232,6815.239983667856,1256.4918165264246,1907.122557981212,33.04139909693188,23.553900610284582,2362.2027767640907,369.4312306119243,54.14141862437154,1845.3961920089534,84.55326533445955,30.614359662184846,2214.0761150529665,120.84975806824947,38.652307440527515,3106.9157108607847,364.4992349365523,54.74653381518058,1112.803971662957,201.8091577640407,46.914969527119275,517.4228220231946,8902.896999469056,3219.8955712702464,13773.190771481655,4610.202341374423,0.0,2748.155744282066,981.4117966377563,6405.953346778764,49072.99725079569,4573.003665995331,3681.0473919785113,4886.010353205722,2643.0965356527754,4664.038624128817,7012.739321170147
84,0.7260965134852736,9.125761083476707,13.865843443294542,19.52200469114861,78.48822484169827,95.75775099507298,130.6708680264041,6854.334913600889,1274.8939940318537,386.9406578243794,34.15110805229037,24.31212945512873,808.3881785114937,372.9563283225083,55.11287389803156,458.65758943874977,86.64349082392728,31.249803634834848,3224.4085152825596,125.92349874060196,39.42509596720497,4165.091336670421,373.77065443326495,55.65549767154861,642.0819470723527,204.6469241380641,47.76372326058311,613.2081838817116,4650.143531342079,3272.299013208068,0.0,433.06121996456295,0.0,3665.09732021111,1445.2548194601452,6136.75471095396,769.6801433850899,948.2219214971581,2450.0927194795427,1169.1675712411056,3632.162053689519,4377.39266133764,785.8541963308026
85,1.2639219479586674,9.125376766104669,13.774636650633907,3.960089158677954,77.55420308387899,95.22827434325703,2249.7222285697053,6794.586748875069,1262.8500730617711,303.857232111537,33.91445978870361,24.200647722152315,1114.0927296097398,367.59852330186305,54.508543317115375,5010.454079670672,88.94217890454684,31.031824247641325,439.5063287039144,126.27837373032924,39.41277004821287,1649.7494734178629,374.5826324934458,55.428105426188466,91.79760788930543,201.65015488722074,47.407833114750936,2750.24366884385,4083.798562296424,5167.519229110724,5384.898029214163,4841.983473668955,3358.7408939341385,1755.2489884110807,6627.985432743081,7744.19689947467,0.0,2159.132646159304,8382.175693956427,5892.656185272619,1490.9281234150708,7241.510795680877,3426.0356734804063
86,0.9097867044089469,9.036692752733089,13.637524056330959,4.292862826643069,76.26994648491909,94.3242389156074,1476.8075787902865,6790.775405355571,1250.917080154989,76.85103964352749,33.3380585033434,23.966570380543814,957.9830865837595,361.93515966891493,54.34777007534589,1177.4016543272282,89.73403234774453,30.82369488432471,1155.0097853585048,124.50642971571769,38.96101895089221,5504.722080184703,377.05123717428006,54.990109968131854,818.8018580923111,198.52590893102598,46.75797057997601,2900.8505383550064,5981.239701520577,3053.621023143453,0.0,1190.520258014967,0.0,1782.702964857268,7989.540110963475,6640.02672073003,0.0,5318.023909998662,5210.722232950215,960.2647022227424,1834.184445174139,8778.271715163102,4917.363628385095
87,0.8693935554301079,9.30449080506116,14.087398916949969,11.390371401423343,78.6336711677333,97.31959561852412,1393.0477379503152,7062.412049958304,1292.6420173954466,647.2177083665815,34.20898191627734,24.627187505958457,523.9558397287562,370.71907784522335,56.11152835366635,263.9681586036656,92.17487023696894,31.873282007223324,175.59673895151684,127.82080507231667,40.2930169834134,261.9775920445725,396.7000277327507,57.08936608466503,65.28881981889384,203.1700229785416,48.33696209205789,3125.8442480754334,2015.0014357642176,4045.346673095472,707.9825072038275,2835.0072549698943,7234.609986941862,1059.4060416383206,5079.513787305905,1265.5896192991713,980.2044193798865,2247.4329412508887,4159.848387679946,3042.2667832754137,2682.2903576505146,2805.567842288193,2460.0611062968
88,0.8237145969078385,9.249892651183238,14.027581230532123,5.910429536654208,77.8723340735302,96.72593687957483,2442.843742959386,7077.2915813098,1287.8661722892405,10.066295127510411,33.67097399321874,24.41694701692312,790.0639286846206,365.16829873816533,55.58816454237251,603.842527073082,91.21300118111992,31.722450757776485,178.51109819031703,125.94567817535061,39.962417078810375,1297.4110911324417,391.264476483993,56.79215311104164,1228.6258770708455,201.37501305850122,48.00416828839382,3869.5038703712344,23898.117148891706,8185.745979365179,1284.4846016578992,2490.422687182974,11251.338539985023,939.2429048085352,9100.508741234658,5196.077622934765,0.0,4896.776848385669,9185.512421898287,2196.2269041852687,3042.14781959719,5563.289073132151,6116.312047999612
89,0.8772209857873974,10.08164047399226,15.30249443014152,3.239960562078756,84.24509387830379,105.2812165486547,431.9199982494244,7716.56101074427,1405.5758903046303,1348.0009749676913,36.79207314904446,26.57977628031518,2044.3091333021293,396.17305040933286,60.66887732898505,5942.620881970812,103.3190667572999,34.544027347624024,597.9212754453553,136.6951220345672,43.62557298319226,1616.8266374134,424.26503962295175,61.81025425896668,933.7550959657277,220.135314395198,52.367561832690534,1393.4418791401808,5932.185224539342,6980.5844191956085,0.0,6343.383116429301,8.731909942278435,1986.6754929505348,10164.69547095582,3605.6526970577884,0.0,2553.289232999668,4939.480196849736,7655.390284511871,1913.3047665667232,6342.745927428081,2479.2042783787033
90,0.378852040200796,8.117200981664315,12.384856224610783,15.89615996623009,68.49733637732133,85.27993428353759,50.80479132597234,6191.642787265495,1139.0483031187962,2.6069535407561775,29.728661000020278,21.736906346121213,20.476713366482233,317.824011056539,48.901369810285395,2846.2883843293707,85.58619349414585,28.113070464912777,179.03188127645186,109.66152248406958,35.249740892144885,12658.50999484623,347.13609076814566,49.90039575951927,3864.4612177979375,181.65143244053934,42.5502406576328,840.8250389423958,2754.480902225566,122.07646470165126,3150.333101809272,6963.700955178056,0.0,3436.5334956000734,12666.794350082364,13133.535021150841,0.0,4710.927393361508,394.3304684926026,4367.462802079177,783.6355620810573,12136.328815478204,4196.172101372633
91,0.549168047479789,9.788194449077753,14.949980703938586,3.841996699225407,82.29149027201402,102.91022559260276,498.16558287550754,7422.015167585799,1370.810988966422,148.37371629030514,35.77715537384721,26.18038007622505,3431.6015802702077,383.67556536934137,58.661232773565914,3803.8651375772483,105.54753568602759,34.04473813140112,1062.6770983833433,132.41709107073916,42.60063901810811,553.0765516644105,433.8374427531095,60.52820069138191,273.0063207621017,220.4981435170974,51.41809398638847,1784.580954032387,7459.084251977872,2983.9591013366785,0.0,4645.716173844302,0.0,2277.365207766524,3833.4473998617686,470.30300158584635,0.0,989.0977407192287,7291.44163174692,6744.511146685208,2791.366650692436,863.3175955833026,942.6372622758734
92,1.3412560977506267,9.904064031828426,15.02869485566053,3.834036807697543,82.38471424713255,103.35302596987412,3256.24528125371,7546.905012655685,1377.2422092292632,1219.3040736385801,37.96571567457763,26.284393886970506,189.88964618233686,389.29120772769727,59.310345392784704,543.4664885875077,108.65440859218457,34.53871627617063,1635.0570410553316,134.2970292030383,42.948281979916985,595.5748022810197,435.73734478399285,61.25493740796584,217.86426483193483,219.96132664233858,51.58926208644255,5890.721666224097,9923.57616729167,5613.0934726947335,2256.8048437773737,6071.745384910143,0.0,7856.2454673467755,3969.876532478956,3382.2811853028543,0.0,2484.0470591747976,7705.988971684514,5929.214492811999,7072.819699762894,5412.326910746391,3500.020008317777
93,0.28451386070965645,8.575289706525561,13.069338338824835,36.0968718952662,72.72764474595466,90.03767246104441,1148.5841420824333,6677.993548741563,1203.490772969313,4114.036334051703,34.712724897900245,23.43824821370271,1563.165457172161,336.35994520688496,51.44751193173319,338.7802227082028,94.30166039644007,30.25248158753131,177.488523920793,116.70431204024543,37.45800650363379,7468.376990707527,380.32112788426423,53.20268051006475,480.4535446255292,190.39791089278435,45.05343018183173,2832.0133762514506,11049.521618776207,5331.420556934248,1831.731933029426,5472.94294792309,0.0,2869.0390606792616,7538.779533522697,12830.159354596426,0.0,2298.2983537510463,7075.195867077513,5503.1179191346555,3208.7986384205506,11570.808443261441,2834.443882543392
94,0.8661966983952969,11.142024685475855,16.982059436853984,28.601486696430015,96.13493212284672,117.01010211657724,321.24025988202214,8633.959445939317,1562.0146577422433,350.61446117163064,44.93543154228456,30.682335443298495,2673.6202640459733,433.9397898372832,66.74585010227497,430.9345026014968,121.95898365517256,39.219162396993724,294.99023535305986,150.63175155054,48.54055209029465,863.1623678335053,497.0312636382379,69.43173255184169,205.11819441123365,245.46382756805,58.4537407259722,1074.6481031355356,9925.33912931832,322.11458012672415,1326.7575898182931,478.46885920239475,0.0,1180.6676971294985,377.5211078901647,2934.9496415323206,739.8098849655262,1735.192136256343,3751.4965204913337,761.9660306360157,1702.9823388352845,2701.516476107026,1427.0259754557878
95,0.4262524672454556,10.517068443727522,16.097427625365835,23.91740275247228,92.36338806800121,111.09985929861585,1910.640166765861,8158.207673811779,1479.0822553019286,0.0,42.14150112540335,28.93902913902618,274.05874709745893,407.85287638889076,63.247302229970465,1750.3731738790732,115.53728041760061,37.210894926720904,1091.2628885377826,143.25587110655505,45.96743483253348,345.6187250365966,466.8056197146094,65.6573838980781,299.41114349528857,230.87382035474747,55.20924935828787,4058.318838109592,652.7280211618927,1092.1970675141886,0.0,1943.4572111353261,2134.2284888833583,1426.3767666613714,0.0,3189.8399705253582,0.0,2524.9792428709457,1457.461294341927,3178.9459608726593,1774.9664972470173,3194.447517095362,2635.50580030022
96,1.2008191349355721,10.844851843086923,16.626404213003386,2.639483116730019,94.93727586445466,114.69390971605371,1668.4898623788438,8419.875691793743,1528.2902115250458,91.57788797218434,43.132661845214464,29.77565409335789,409.3514046558994,417.39411320630774,65.04697196227659,393.12507213635655,118.8027092826886,38.47205559762945,119.40170471796769,147.88345976531718,47.40687476254335,3010.1330338605208,479.6112403835685,67.54630397168427,1050.4054112245658,237.8764055747557,56.98762678866209,2547.0604936642953,1912.9841469051557,3693.3685750077434,1513.1847059392057,1796.3093330777137,0.0,2862.730572749638,261.21277613278653,5253.298109256173,0.0,2485.2190274401355,2833.747250567652,2004.160394899193,4530.867333551676,4719.800954089674,2147.583046147641
97,0.7550016652295747,11.396190544482128,17.376823345933694,8.340712534225123,98.96865344886724,119.7465669941898,504.1272002612287,8777.953966348185,1600.7578116665256,0.0,44.656566432425265,31.017752083549702,1334.6042824180695,434.6141448349197,68.002345455515,313.42684996598587,123.42431022182922,40.21023791990266,2086.771764144877,155.09011291142943,49.400249816092334,195.71007460186019,500.5370736621163,70.81719593709857,2565.8783512082073,252.39895059489302,59.642257338868035,899.5807742630916,8109.111966085994,3423.848100063607,0.0,1177.7200347645478,0.0,2118.981818344452,0.0,1720.668039047951,0.0,5368.088746594605,6753.988675699712,961.7924828498549,1470.0172937370844,1153.1213989254124,5992.124805540444
98,1.5050637493526386,12.07918981942426,18.37796855059651,23.255007695495646,105.45040646231811,126.66445571829662,489.9037575455828,9243.279973320488,1693.2540120409221,0.0,46.79790633970752,32.55875280806341,815.1175290892576,458.35462033399625,72.02134073213699,497.56481747628345,129.7578832099346,42.60374709183341,118.13009977261913,163.64031496458418,52.16779432561661,498.5083877300101,525.2434089643139,74.7442475098781,1095.8474078548052,270.75560806462585,63.36203773318306,1112.5425033482065,873.1012349019111,1909.6375559627793,0.0,974.1856421457678,0.0,697.1320262329604,47.35439612529808,1976.29040025035,0.0,4361.36702691133,1423.0813565158821,662.275541872575,689.5665698023234,1606.0937569262835,3705.3815116528167
99,1.2490878433907877,10.664186418515635,16.180564519868636,9.138205178386693,92.75534483284946,111.57460503612916,408.5628473878443,8083.646003577494,1490.0523987294553,132.7291258060441,40.90186289073187,28.609453285262223,3581.3505268524054,402.68206403581985,63.189676137521616,1621.401643116548,114.13626927276252,37.51124379399317,501.70556249503704,143.20192657548293,45.84814871376707,1264.7163574952867,459.13060661342126,65.73762571597328,725.8115417849058,238.12458296309794,55.85942825262489,1164.6142199494723,4432.025901759615,7305.23066448928,9616.066722202353,858.6839068003719,683.7600909656247,2511.404653793208,3876.425901203757,2572.356193711927,25.892563940924447,2299.8980685321517,6069.245697536738,4752.5844630213305,2629.9674175082205,2613.2943936696875,2076.4016727460044
